id,created_at,group_id,data,group_id_data_hash,is_commit,sender_hmac,should_push
1,2024-06-01T10:32:34.089Z,\xf9f9cf4bd07820782e9c0c323f461649,\x0001000210f9f9cf4bd07820782e9c0c323f461649000000000000000003001cd4d5a1ca2d16ce6b12698bb7255f8b7abe40a93d7fc6626d247bc852431501aabdad20417c3d2d0380da4af1c6267411dac2cba833400f1a96c43b7d2ff5e45a24b6506df85633a248e57908b1b1d5d260f9b367485cf293141fbf65b079aa0fa521e6e7c96002ba75c54e9ac99f4e9dd527c8f1195973e32420cb762fe5953b597455497d0a3d1d9ad7a3942a17cf7ee440afde26f2c8eef83e68f6b3f5e2cf6d91c9efad0a5aa7f826a5701c8197811889e2d2216ab65b06418838df792cf881d6405482053917dc07f92f92c36a9a66c3629d039aa52b0557129f4c73a23cf9b7f6ea421412c0f5f0420a6f9105e0f30086c06683cc53a7039d42581c3e197cf950bbbbdddb2e1464acf0003a69385b55dddfc7c82b46f309dde82314d6edb3baade9c4899d2184882da9c1662f8246ae873c72a1add334ab761433704fda2aaa80d7420913b02061d689e56c109e4b25059f1b1f91ce6cbfd47b3c7444f7ac77a41e68c969b0c91febbfe69d2953ba4435536da97429db2f50ae1d63cd1c8260f2130d5d51e8ee5e239c322079dbe507376db4f9b655d4c6f24d5cdc8a89c9325801dbedb7138c14fdadbd898b6b99f969ad5dd2d9d17290b62e5a6357f01235254ddb427d54bc7f9be13e73060e4eeae801fa27c31ecc9ec082a27c112bf63c05ab37a8dee339b240f17ad05e470608a0447c2d453df7ba524dc551b58d4fef84859fe8d4a3899f80b7e9b0868e18d50dd64b58421a1028a43d23914d9e4208bd7403d49edaca31c1a82f715c087f715626427d677b34ce51e8efbd77eb4ca1d51957ae15f0a8d76675e155fba8583cb2233bfc69f5bddcc6463b2595fac83d1c1817f6b7102435fe14f86f5d0ace37a752e1829ed2f3619b9460c264ca7df2714c665590a77e1b5c2291f0c00a45f36a6a5bfa9473f3b6918788e3fcb1cad540a0638446bb4c613a73584a6b85a67b473deeb7cc4e9fb73765e8703a694ab01b67972637c3fb67f4500f5b81537daf2ba3be40deb3613dc64fe035f82e3b99aaf9d55c33acea106adfc5e9fe9911456215361a673dbb9747ffd7d086fd8a7f1e0643782565f15451e4af1206c702f5fd042f2b1001988f587d7837e3af584070f54df8f5d10259c491badab34547d409,\x27bc5acfa47d831e00e50864ef911e8780d08ecca914ace7586b3838b29c6932,true,\x68656c6c6f,false
2,2024-06-01T11:59:29.187Z,\x33583b653336d98500e49ea3aa6b6d6a,\x000100021033583b653336d98500e49ea3aa6b6d6a000000000000000003001cedc6eb7e3dd74e2cd0cce3bfe8f751a882adb4c8ca5f22731cf23c094316fc5ecd240add82e26d4edad94ae4cf0f5799d1b6990f5c4aff75497579a3c2a25519c8b81f7281a3cedd3f0daea4cc596fc83d061cdd5346476d175425f1a38b42963e4e84463a6e0c31cfd08ce20c475845467f1abfc0ee12e7eebb0ba4804d7efabddc86bdd6419ae9ad1c9561d92c31f507215b0173ca2bdcd430b7fc572b64d255a3a83107baf21d22ea3724ed81eae5220791fba69d0b53efb594c6c53f2a413cf5ba98c7a6abd41c6c4bb53821c611a0aefdd698a372ab0bd2cb1bee85d0025ca8fda33d6110c347f7ddda95c2388cb1314090770dce3a2addccbabb67dffb195bc273a846612224d55944c893773ffcdefbf9d536f01a4ab65232a7dedda435473b888d6eb87dbbf7166e232da1737b22a2f62c4921e989a43300f756990af104e77ff5124c900024f45c351d6b186e3801b8b9a4f1e4b45332fad7904be93c45e12f24d33b0c40f1e10fc6c5ec9463bc8704fd731a6149355df0965dcec22c74780ec86173651f236abb5f772997f6e9689dfdb80d1f02dfb373d47dd05fcb2916940cbac310095d3e9183cc7afaf62cc11e79a89bf5702cb8c1b31921c2589ee11d441c00af1e3265356f84b599f411c181546de9a14676deb8ad556699b6130757c37866e14e4ecce788865459b8bfc67966173c187d498fca5a7d87669d7d125117180d4049498927141f122b2a63990534436f1a0534acfac57f9569254cd3cd9454f86751fad66e0a9d8f69eb6ea612c10e54ff6cbc7bcfc770f0d60574c12a86cbe74de3abc5d6c423f000849c7d694efde3e8f60580746bb9cb6ee98c53ed418cae11e7f1b1bbcadf3949dda6bd740436070758f7c55e6e6d89ed5582b7810401deb90255c031ae583bb93d86b3cfc7feeef70508c143bacf1eaebc912590bae8f7fa61ca8c547a2f20438da96961e1d9e53e491741d90288a0ec02672903eeed23d3eb7565518845395b753d8b5c0a80cc6ef30c92c000389094a8bdf2bcf80a11fca245b9455d415b3f9c0b1eff7dc0d2ff227c628a4471bea567327f5bf683c03b9e9816192541b5a129fcbf5539eb573ca950a0b079018ee156b41a418fa79d6a79db30814c4eaaaff1042025,\xd634cb12759438ba32b5febf5dbfcbfa09245d1669d61af0220bb5b0d3184bbf,true,\x68656c6c6f,false
3,2024-06-01T12:22:02.665Z,\x052e882a94d48847a5194c567385d955,\x0001000210052e882a94d48847a5194c567385d955000000000000000003001c1d274b2d369d63e928315c2674310f2ead40dd67d377bd90ca6c0c5643186009fd95b02a1956a5ddd479f805b76e09912d7ed5eb97877d366edd48019f78ec67bdae4f397ccc5a2d1cfc8dfd362165c691cd801ada8ac1e5bdc736e38e8d0eb638c6b5d006c0e2c835c768bcf8cd29df95385ed5dee2b8869c291a250544044a7107a8a4085316a2ea09a5f2dfdaa12c4d099095251fcc6e1f7dff4c91ab720a281876f541bc7564671477590316e7419b83c27f79c95fa6fe90907ae903781893f1621f4992450c44d3ca7ef2378e0f24a8087c9517165e1dbf118835b56228280c73ab9e30063915dee1c6575b455eac43220f2007ebe84e4d863b6896aabfa90469337283dade195ff241c0802262287868489f5c8da68666974012ce45581d303e5b4166aa274e210aff18e0bbede3fd6645ec0569fb4fedddadb284f63731a2262752e6010e97bb029856280a3edf59e198623fe7aae626959049b64722784e21e89a42dc63c9c1ffcda2650e87e2bffc1ba1b4f3fc21d4d0bb2fd23fc79be9992e1dc2fd58f2a485b65f050fc320d731a14f296c729426de86c0167c46f75e82691d58cd22fd918572bdf3e0dc7d7368a8fc59972c7375b7a3cfd0884ada1a64fb68e85657dfc3373d85151968dd429668b82d467623044ec6322b57997cf1a3b2bece46a9d638184d034189dbccd67443cddfe3b9cec2760cca998ec7a47d11a5fcfc9ae272f741a3e9393ee7a9839680aa7874520ceb9213df6c0bea65c6261ba75c449928a1f5394e7b5769feeeb9635d261796642848ff6b0cb1e6e64df714b87290c0442802ca18a6d41ca72dd8eb7e6ec8cdaa0357e2e53855b052d9b0bd98dd12da3060975c8d2a3c7e607bacb98532c72021faa01820718df3ecd072b27429bc280366e15bc54eca1365f26372c0c3c6129437af832cca633190e62e932105119c703b059d3fe2d34a869356bfe91ee2bcb46c9ebc4779a15f3ea2c4a7cb7f7be9958367d6b06956107ae194b1d49efed23851251430637da84be542a44ae1aebc669bc5af6b9754a2080163edc829fa2c8d925830bbe3457520ae6ee38f1cbc75b38fa5442e965a312ca712c27f9be1cf58dc5ca898028c69e8606a9bf8cbba3f63bf573b1ad3b856cf0530387927,\xfce30e5f81d331c9bf7cd4a4470eec9bd13c7658d07b2a04a46ceef96dea3426,true,\x68656c6c6f,false
4,2024-06-01T12:23:03.324Z,\x8667838f514869c43b7b36c14b442e8f,\x00010002108667838f514869c43b7b36c14b442e8f000000000000000003001c01db6c6138bd5f128a10ac9155b646ff7ce519571cfd9352b3afbaf14318b77d9ea12eb202c889890cce8ad4eae8e7b44ac54701ab953499e8bbb1bcdf4e6f2ba148090bd6dada84a4ecb917ec01570ba0c5a76c80436c7061db36bdafd68a24b3bec1a483d1d3be72976627e936baf509397cccd9db7fbbd1acf34a31d9b75ba4fac111459ff1100b6cdae2be0c85a3f2e7cbf48c18ab8b52e45cca8e0f88f0d7b474d03d76734425dbb08f838458c2aad7f3618c495705b2c9eee558eb3dced4367e7d5b299e8abf435c00a6d606ffdf5f95407ef51b999baa455842bfaea569b2e7eb0a8379318bb9d3437e48b29401e93d7c292ef9de3d0376bfa5418a906f65b19a069ba4856565d143928eebc4c8d2f6556b28cd81cb9c8b5b2f19f1e99bdd51d634e3cd76f13afceb8fb0809dcde634d5d59b7cef8909cb4d40fbf6af059cfad6764e7280b6e7e3c41dc4f611c22a42848100340bcfd92f2c6ceb743ed860d0d5f2f252aab20ebd1d291f383661c38fe4c21f8402ab723e0321295f892026e289fe4aa5265266153f60684aaf90bcc848e6069516b987e4c565115434a5d2d9a660c1f6619ab39c1a11842c2e0d656bb3323b7c5c92e42106054a0d225b255958e2bb070d7b8121c97f2dbbabaf28e5f62880bd01fd90e6c65caeec49a3d70cdf5661bfd91569e8e6f0c1e9bbe817b15b66a1129accb7f6c65ed11e2fb990fd00e458f78fba7aa2d0ac8c6ba4af5ab85b5fe0836f4edd11724f1e0bc2c8709779dbadced813e90fc5a3d018c7b3c2ffb54357eaadf0db509a7d161ef64aeb13e293a745411f714352caa538a36ca4e501ff1529043830b6de576cf237648943cba9670a8f82e0d8311b452ab04e158dbf5eefa94542e692d872dcbfa321d0a7c6956680eedc0d0ec2640bafa11a4eb38b8e007db47094964f581df854076657a2ca41d4dd33c3617065475942b337eb9ea38b4338d3e4ff8163193f536779183deb72f2d95115f371b1ec503f3939a961527b595017d0718ac48d21a21652a67a2032f5132f624a9863fc824ae783b7e541c00ffd078902d6f9e5515a3803b6eb965876184567533e196879f0b8dc706c279a7d3ddfeda6aee5372e590c3b385243cb0e542f2852622e5e93f3c17800ef46e9,\x62d4af2b6ffe2e3718cad6ae9745aa343a545c28b56dc29497202893f6a673b4,true,\x68656c6c6f,false
5,2024-06-01T16:17:04.216Z,\xe230ad419b85b8c8c3dad087d9544ca5,\x0001000210e230ad419b85b8c8c3dad087d9544ca5000000000000000003001c6406fbbc8e85f2c97ac3923f56fccc4b1be8260495f442f6d72e9ffa4319145d9deb030c35be2398054399fc3f96c3b1120bac1a465ef0a0ecbd4cec5e3395b39e349cb10460bb3f8136c0b33d49fd4fdf6df977c62f6e943ffd1aeb81d77d2a412218eca7a6a83ba2dfa61d27e20b0361ee4ea8b1c9526fd9eb0eef0ff1621cd6868a1a3b5eeeeab2fd9892c6351c520d05b8262575d5fba6d6008c6aca979322da49f27b55348a181bd8542aab62079eae1d87a5780b02ce6d7770097f28e4bcfa2999d2a8f7b1257ed6ab8552ae371b55e643cd3225a942b141997b2d6213e49dd23a3a15cca20030bd6ab269cf0c2145e17d12c6db3ca01cbe118a5f963b8761c36a5ebd52fbc9734198ef829ade54d6b29a86b97c18282051f0c1b93f0940cf5cd16bfa504feb77ce0eb316b2062bb74de06f26c22423d6d6bb948b85b5aac036395e75213a1edc4b2e3073d19d7e930436810d6d8e95cc9e0700b0e4002b1b04c764001f76dfcb37e53e350f2452a8b9933bbb131e8f26f1c21df1e40d0e71906e5703b25395920f203ecc471b8d91f4966d95a4a994bd8b513582d984c25bfb9963c4163d6647d05d6f5c2362e239b493b037137db07f1a8ce0b0fb78321f200ce1e60f7f20ed65609a73f47712d681cd22f3b775317315c06a8dc3cfd77d168fa885163ab9804f404e57a9715d3a74be7fea561310267370bd2e2bbc0773f3eacff77cdb165903947b77bb1497ba411aa1ff7764bb06eff0925e3df0290305c8c20b0834564f03df2e1e04d8ff8e6156a7a624e0f4d70a5f0c8ecced1276caf8dd4a04149b4a7947551b367aaa17fede016d4ab1215251c1de0cf42e402b7d15499005122b14e28f060cd5127e0239ae136f4c898497fbce727cea3bcda16349f5ff56fff2696b2eacd15434faa01a4eccf24a44dec20e5de32458b300b21da933375244a9c10c01c2aad31ec8c10057c064944e07cfd49bcf5f728c76178995fadbe0012faf98b6e781d95edac94a04aa760dcc138d95ab2420811da782a925dfd8e11b2ce69578e7df6b628b8fdcc25748cd6f88d7f3239f6058e6af753cd041d21df752a82afaa9d5c6f57c789337ef8589d48c4c99380048ec466fa6db94f31d38bab8fb63cd977d1bd6ba3a490bb1bd76,\x04ad765e85ac839019f8f46f8d2efff08054098af0ec7087992ec8d761302619,true,\x68656c6c6f,false
6,2024-06-01T18:06:32.775Z,\x4aa6f59d9ddc4ca2f2ee53c61aa621a0,\x00010002104aa6f59d9ddc4ca2f2ee53c61aa621a0000000000000000003001ca608098bee4a2a93ef81aceeeea10b620d69ac65ca2df18061c9ff86454d6939e511433f9c6bfd2e43de294e8de3c0467eeea288f6fb710652755941f02df3b5c368e2c756ecce7bdb254205f35995a3114505ac4af36baccfc7486a949063234aa4c6d2c8b6f424488b82ca861c61e969e0d6340d91fb8f19a0b55690dc4dde904f7b18376d6215551ce8b35bc2dc7c772d32bd7b78b950431402e1497a97d1e7b0e631ac0df8a88f91f10a038cf04796c574d1152efeb5d411c2eb7e185202a06f7124c9a043f1cbb6320217ac0a39e28e489e5d30823eea2fc55b9b3cd1a4d08838e75c4cdfea78db8ef29f6b3a1d82513e1ef347cabfc37ff98b6c46ea639cb19c6a70480a022b02b4d7226825e7ca7963de58919a5c9c57145d05b1dea44b18d9800fd4f9644b8099486a44d97b1432159dd7f1fa810673a1fafc2d2c65447b1c3bf78562fd365f844d83759479fe11ef5675b210ecae76b7b6c2220bc7f6ff5cd5e5a494e1dac2f764ca1b25b9f31eff26659057f1c744ef61f88b970e944de3145217745c0701c0bf34da27435c2355db85d2dd97e6f36e25427f77f26747155725fcd59e2423178ff4acb14813718ba473d17cc1efa9b4a140ddc18d93fd3af254a14797dd2a59c33e81a30b4763e7f9a357e3a556acd389096476fecde69852123bd5fe3d3f504f0dd76c7848618f829168c9703c3b21761e8fc6e27ff07a59ad49892eaf123a610a09f8f400d650c64f84f54bd4a54047e1a7c81e295680d0cf283b2aa06a38d31db641c28a355770b7a9b8ba91c108ae02d8fa9e16f5780f645de147fec520624fbca69f1e31d6083ccaf3d22920eb80c0692f639dcae8f918f7dad4f17681756564a64dd8f45fa5d417ef564b78ebaa0ca59aa75d17b2f0693a1a0314e907049caa5db93e75e3ee111cc35fb8ca6c85f3c70c17b33a535154b5eaa043eeb81bd151b6c83be317ab31f096aa499e5060ed0d0fb45faa4933c3d59ca28561ff01253288561414c2f103d4a689173d2c48290b0bf32ae1edc1939e03a11c8389079b37a0b23a7bd50c6d3d4a4ce9810fcefcc0432eda6e2aeb455fb5fd0264fb74b7a79096e4eb4d2cdf2ae93e79bdc4740f05e6ab7cc45b53809265a1bba7e59788142df01fc2fdebf8dcf7199b3cc5cef26187671140b7070f766a6a5fedaf2acef1b989bd1ae178af88ef4b13466b9483ea258cedace4169d4991c89342ea4a92c640f5010688eccb1ba6d0c63fe2f58898aee60b96713a7abc868762c8d2c7af9fc3cdf9961004c107f1754308028e72bfa7bc359287ea332523600abe7c241a5fa76709dfe1cc7fe04a3488aecd8389f6bd99aac05a42c90a23d86c06043616bbd5a786e9d13bfd12d4a172f1cd58848486063a5e3f332a34ea6300f6283dac2bcd821ef9fcb8afe76adb3701bc047e5e64686b063ada48dd458d5c2afa870f13102341955e370f669370583447da3649529968c9fd3831aee8f06fb82e855408d3c5c8b50b761c43cc2b6ec6392a06fd185b718e4cad37dd177520d7fd804ae7614cd137a61fa24b780ebedfe6c3bffa7e82b750bb1881830a639cf6fedb6a6cd17902428d4cf8706e933c89ad8cae239aa2f3dfb0e87bfc369540e103cade426ea7e3013c3d7c0b913dd2a2cd22180afd3f9e502d829a982944d58b28c7f4e0887d4fcbf2b627e9becbe78f7c10e0ffb13799cc9dc4b7a7d13ef8f5d378394e0ac2db954545823a656c4d3840ddf21d43050659e724d1d33c7bcaa6a69395650b1b3b1818d368408f0d35f163eebc676a689b2b99720ffba1777275fdf0fdc18a6fc7cd13c4063733a33aa6dc91ddad59f5e75358370716e6ef5f7855692b38ddb36ab6e2a064794c00ac28546fce1a6adcf130c657c3afa1f30a975cedc8c87977ab937101ed6d959609e3c407d4e84e5cd65197d351ea4f48b79d07,\x27a9e5623a378717479a835082a17ac878cec8154d0371ed111b9643fff3c14c,true,\x68656c6c6f,false
7,2024-06-01T18:06:33.384Z,\x4aa6f59d9ddc4ca2f2ee53c61aa621a0,\x00010002104aa6f59d9ddc4ca2f2ee53c61aa621a0000000000000000103001c8388de6e6a7d0c964d262c9ea6b0f2ff03f436df75e2f0378a81652943f4bf95918b9fd2eefc8593aaae591a0212699a7f83c847aff27f51ee79d7560cb4feeccfeb2fc8c6c6b19d6422c29f48d227cab1dc4dcf9e7ab9cf579fe909a9ff42fec2570af9c3760dee721f8e1527cad806fb0e25bcd2a558f90c9d346724d8b5ae39d8589d20da9370b64044f5adffece93086fe7f7fa0ad033269656a0384eace24079498c10d2df06f2dab889e65665d4b40a6b48bdd3af5c97b675f8b9ea7f8f28fffb1f2345644a4ce1ae213a518358e9f0d799315e55402be2b65ed697b33d510592b8ac4325e29781900dd3c642e6e111d01d583a7c1a21f3f459e60cef674666544f72d769d634f72f7cac33d4df65fcfdaaa9c2bbc7e9991ef7ddb9e767da23a616e22ba346f0a2b7f8f057721bf7e4a055bd40e3e285e316fc68b8331fe5726310ff41b9daa1d9b3d65c59bff05c3ca17881f56aecc276c3549a190e69d4b8356ec085e805d0bc7cfee5d2ee721251c48afd8dc4275bfc2e43e4a33527e025364b2b4514cc452184c0214893fcb25f4db0f9ccd7e808c720b1d246fe8bddc852b44ba3b4f21d008745a87726015c087af5fcac415074c038c97576a1448a016c43890eea5a717887d16c828fe7f06c70363d012b71a965e2e94350e1534cd75dd96539e33543bf40d4512cbf89c45b1f6303c03c6992bb2eeeab2bd18bd277471b3c79d9331155ea50457b4d30d912580163116d1d61ac89ab046d665d04ab3f19df25b7d8da48096f4b2cc8f7acfad5004be959f2adb32ee1b992283f18bda6d8118e4c432676422821dfcf217f39288627d06f17ba994625b40c95db1b4ca81e3dfed80c922c60a5fe896b063f028f706e8de7e2c38f4392631b57ab19f8a1f8fd6f533fb5ad12acb6f7ca205045d3d3651762135f391e5eb639a74be8f59de9882ab837ec4f7176b5a3496af5d2b4aadf0efcb08b2c173dac053727c7d25bee66467192d91bd8af3a3053d4867edb6ef862075600614d88aa166ef0288f5d0a5c56c2a2d3292f68da9885ce3d293be75500e0ac202434c324fd189a3ed96724ad35625931a4034f6ab7e1e79911699ae5c0740395ad585b6670f0be6da76b28d286479d1680223b5d73647fbb186c566f75b6e12b2551f450d071a6e01c8914a0dfd559c21bfd19a492c41c48d3ea3ac9d46c6a1c52d3167b0451751900f76764a27ecbd704c544d3b13334bfb0812b7b2283060fac1fb18dff81e64d92d52a1249710eb2b3554b0819c4c74b80cd1edc921754fc6ded5e76201bb7893e03010f98e823793c34de6e8d8851f23e74a49c4a3a31a68cf3ddd5378285c83e95df0844068a111f76c882392e4dc582dbe0aaa2192e24aceaeaebf98d56a03942d6785f77e3fe4006e8109e206d4e18e2f166e5d5851fcac18a91cee17feb0977cd8d9d43fa1011c36638e34593226,\x8afdf39733a915703b3301e092d54827e561eeae5fa4bb06f7d456d5e907566b,true,\x68656c6c6f,false
8,2024-06-01T18:06:52.395Z,\x4aa6f59d9ddc4ca2f2ee53c61aa621a0,\x00010002104aa6f59d9ddc4ca2f2ee53c61aa621a0000000000000000201001c98bdf27788607b51d7da16c2b1892c9cc444e9e15cdecced6bd33c8e409d2a6ba7356bc8206d625f2fa47d7884d1a01503dbf85fcba53daecb170ae6730a5f0071094b87ee0f28d96de735df775d34a3b68782a9815cf3417f8dc38e19e52b9022e3a922a46c04e1e093f256e16074e8af7ae2caf74201ade8509692717435aaedb1c51ea7c4ade819bb5d1b461741bd33b6b64b1994f5a8b81164f0ad70e0de3e904ac28aea22b9faa0e195934f17fd384f98c6d05a789841c8f1,\xfc9c9360006a39741d2542f196884a321a7e5c86d07ac709dd6f28242278a24d,false,\x68656c6c6f,true
9,2024-06-02T10:55:40.967Z,\x00aef05b9b93abc3d92a70aaea322339,\x000100021000aef05b9b93abc3d92a70aaea322339000000000000000003001c0e138cda0816645b6e1835bc7c0b6d30c08b391486155d4bd1c005ee471a185972187ddb78e2673f87568d22455431986f21a93d8785c11d55de37283fc073833ed93d6bb8476430823898dbd2407cf35c8ffce0c5d381c39ee984dcf43e50c0be288e5f20abe2146e808a211a32964666c1053558af269d4f24ee65844ff4df73b7cbee5a448b1e654d1dafffa8a2785e20d1645a63c5a20cba01a4dcf1d14d06b1132c352ba82a711f45782fcce4e197a3ba59e971ab423c88f3729933f7487233a85ae629598f7377e864a61fd58eb0274dcf56f4c16e9b0e9721a685f503c7a1d3543705ca1c7ab1c86fb3fa5b5a30f703c79e277d0a695be7c945c732d898a552e0fb1dc8d8abf15f3c936fdc6dddb54321404eb9f326ce855ced0c86ef6225f6eeee203bb23f49109eba954cce86f7c69c7fa1880994ac948588d522a57c801ac753a6261b73ab780f73ad150d10bed24bf1cff8b40fbd2abf49a588b5cf597dde76466439e10c48b1c057083e90f2f8b322c428c1ffe4d194f49b990e7dc9a69ebf35e115cc4618e52aff848023d545bdce25a218dc3f0edddf5d20986d360319e64ce2082bdff38551a0bed67c7fdc9700debb09145c34af9c474fe0af5d567b4a6b0c6c4e3864ae3567e18ba899a5860e0fb965ed84ef63615213a743f689a379fcc9f5819ec47a81f7059663ec88755c92cb2ad5b7d0593f732dd4cd3321752ca0b72d11a34177ccc9d729cce3a0b21e505eb8150475b66207c12f75f87903ecd8092489215fdd903a19d6ca178f991e35e0aabfa6353db813a16d781a873ddf6395781f486b20992d86b0b69c4ab45532f33f4b8fd94959e656fc6f8b4800156d2c82ade98913e76c466b0d382aaf66dc7a16ce95428b9044dbcd755da66d0064d98a872a6658e17a57aefe7f38c9937605348d30749d4229b36d8ab77a01d22edea22196b0a57ddca1d42e73ae61efb78154d2258a0bc07ad838b3376ce204fa3c58449c01be201c1279fa19e229ed5605266a65392e6e4e607666b25789f1f403a6f8fb33f71b227eb613ca6a18672bdc0a3ae0b00d995a89615d032eafa7a2f36cd2d68ce3a5fcb891f7bb8f2b257d54ec8abb42e2308b0b9ec740f874f1a36f32a0ad770c6fef01ddc918e62a8e83d985070a79caccc8fd928e5da34918d20a738994568c5b873b64a844de7ff1e21b35363012863aed89b77576f54cc6fe8faebcb415d4a843c915195d73ca5f238c2ddb1e8891dacda6dc230f0cbde4b95876d1fcad51c7159a2cb1e3a864d8653e702a693acb414f27136e05b18c843c60c2394aed7d2b05282a2990a1ae151903a34cd1934b4725caaa33d5d9a60aa00fe63f0ea9accef4839fc8f299ad7ffe11bc207a50b0c58e34655e79d1101aed8df8c3e091eabf458a8f0e6a147dcb2ec6f6963f057182611d2d1389418b68853890dd456a6bdfb9e0b3a1d6fb50ba36950ea42599fdb63f3d008663cda41bc2ef1a69b2e4f23f6e0e57054379b467055e9e0bb13887a7245fd369dc6bd4f2980ab5eb6f288df1c9911a872b95618787ba418889e35766dd4ff303faddd5a33b9a847cb16abd7c9e0735a9ab4c6240127c8d90dbd859b99fdb3e9e4dd33a470bc8b3d136b7d0d2314c979663779befda284dcca9a8f8cab4331ab3a291482c8474b9b9d467b7a82d51ff4037d5248d00000f1f7b2150759f52bdaa685512e3dc343e119b613236a53ffb451d2259e22bf4478d75305d9090510fdcec9a2142dc51b1efff69a63b4fa10648fe036881c009ab4ae2ada570f5a1ac7f5bb1d9ff038f89693d7d8614fa16b5c0a93172bc644e6467c36bff9358731a92d55fad61a38a178c68f4a42f279dc192101f5e82ca134b78b6680fd8f78cb730353f6d852e34ce5cb62fe1b4936674af7892c234c46cd2222d68eb7c060d9f2dc66e68544048e7bbc1336806fad753afeb22dc521795aadb74fe354f8cab0d12cd3cd893ba06e6f3283e017b9fe05f73c4a707bd5ba77d2009c11823de729d384c6e81ad9fffebb63aa6a7946eda3993b52acd52bb16810c338826cde737858131709ffa56efe0765eabc07f502efb025beb45ba44e5afd5ba4c85ba6b26c044bee1651a12606be9053a8b4b0d1e8a11e4b669ab0c9a0667e08795c795ff33d30993f0d0cc5691f870e1b5161ec2386fe9187d4169bf369dfef273776ca5f605fa08bc30fa2e0d5d55b96373f26c35dbc75ebb9c5376d4b22e25c0ff253fc440dec3ee5107728c53cf3eb5ae7a25ed8283f82e3341a937e5f5df9a99a97a474c76f2188471c3b0886d863c77f87321af9b77241ce5970baaba19d2625215851d9494be8fd5777d89642ec890833aeaa38f4305b2b47f7c5dd9c369eb1db3143321d9e1e0cb46e4a8d6ba68fa28771220d2f10824388fcb70220e0a79eb6805a2fdd88e53b929fb5b5e33666563ec18b3ea0fe59157f840ea912fb1d5be8fa24cf1ba7433737848dc28650d03bf3cc394e22de77f9c8b804163a2ad9cd38b4d410b0c593c12c4de55ad1f6c5a2b427e9e12110616190a2c203fc6eeefa0d3c1434e9f7d93fa2b01dfe4310f5d2d3e2f4bcaf9da10dd8078,\xf68c2e1c32f2366feeee31aedea692fa938489cea54b11d747d6d628383cbdc0,false,\x68656c6c6f,true
10,2024-06-02T10:55:41.566Z,\x00aef05b9b93abc3d92a70aaea322339,\x000100021000aef05b9b93abc3d92a70aaea322339000000000000000103001c5d82af55988244a75319fe25b1be48a19ecefe0217152d597e8768124469480b82bc4fc12318fbe4cbd61d4b73a76a1e43b4ad6463f036e2ed99076c21d53a2933617c7795240e5eb9a15bc9b346ffae75f2ac10cbd51379ba9b18b2226c687ac52eba384ab118526b3929ccebefe48040a5f9ea8d0c5ff56a20a874cb66721214f72add0e500cff46a836f4a3324c9b8f9eee62957025225989054d0a38313edae8bd54ccfc0aca9ce8c5c31bef07fc396cd5d30f43d8f8ed3b3d2cc121bc9f9c0d93f34635ace71dad438ff3d09730643db15e870d46d7a40cd730eab396066acea101b714b5e33abf6498259a2bf95c8dbe5300d65808c883f7c47540e659e0a7f70102f74f536cba8dbc825634123005a6f14809e1e173a33751c3e06ebeb45cb7c15a2f11b64fd3236302974c8e604648efafbf639cf1014343d74894d809aea8bb3fdc7c4c08d812038729957649c05f78851597477cc620c9158144db8b0018427a43f0509ddea87e62b3f84469f99c2b22cbd4a32d611dbf03df58cb1b5430c9d6524c8c62e9eb5a6ae46a622c62b47942b5e288ad561e761297170ab720c6c47a4a32a22d590344488d37e91a3a5cc8425628348dea39a6ccf17eb30c3df0683d888839ea2f9d04c1d9603a920f3fc0df0dd29c69fe6fb0f80298fcccf376fee7d3a51c0a2cf6791df12661d0068d9daeb78a329c89069b2b894c8092cdc83932673b51d8636112ada87b201fe34a99875cbf60dc605ce6baf39180f37deb691455b56b16871a93bb539e5ebbde1711e712533894348706d2367e03f0729ca65131b50ba83df6a159ac3eda898a1ddd0feda6cddf795cdcdb5a29ade93deafda19f57bc89817c19237472aff3de87e8b70d0f457b1dfc251d9050eeb7ec32ba2929c3c4b1191107f1d6fbf11454e0283dd92841e80d51db228f8ddbb87056c7d84ae4279a5296c6764f9b88ce5c20ebc818e45598960c7ef78fe268bcaea6ce541ba251749e06f2f5a9399597a3273358589ad86f267914d69e516b15041b122beb9a61a481423f6c0d8a50efb411f5ea4e5e0dce6f3c6b0e09a58747a988ced29b507ee532c959d96aab4341f993744a6570f2fae3e0fa59afac7ef22723b698b0070f369f717f1cfbe4ce9eb54427df9876f242c2c21fd4cc12b4002ee2006d057d35b5b11d442e58be3fd3e9edf325b2c6363c9f86f4b11795cf87fc749e50ef1d57d9ae525a89fb3e62c63fdcefd7b58d4f8fbcd6b5870b818fbfb5ec0d2fb20cdd0113e514874804662779af0fcdb70b653d95ecddf5963694b2e2207bac8bca1aebb42905c23a84b3e9b291080d3780dd02faa1b3b7533d29df9c76e907e1c6fe29a1fcc6c5ee45994e29a0fe51f2fd04da7dbd7490571a10ee3b9e2ebd532fa027163f4127de978ac10ad94c43c38b6ff19d8cf60055ba37832e1673449e90af58711c0b083082c436e87f7b8a1e565fe8385a7c2312b2cd0881d0755bc128279ea0b599a3fd54a1427ae1493e99e292d384278232c21bce67b39e54f4456e18be0769c85cc36476294f4c8ace24360913e8f8d4f9081cddad7dd22936315fd3a43726ac72111e8a53c4c22007b84ca898551b64fe17848d27207ed8055131,\x7fcc0df96fc168140dd507e06659aac07c792a677d00581b13316f0a7b8c19ed,false,\x68656c6c6f,true
11,2024-06-02T10:56:40.632Z,\x00aef05b9b93abc3d92a70aaea322339,\x000100021000aef05b9b93abc3d92a70aaea322339000000000000000201001cbfee7a92b6c10f09733c3f3d8d7996f3f143ae518095c185d82ed69d409b468c1077fc4d96aa8f96030c0c8b3577415262a4789690fce295d46872842acf160560cb4b9a0fdb30283e3317fb3e493a6943e85b9dd89f10f2c94b708f7c96a13a7a1806b10845a94412deb8f743f3775dc221901820e2eb0ee79142e044c989e809dd3f4937002099e8b7b476af56f3e2400cac5d8b6b46f93b93a739007efc66b44fab995f6082a99c0f88c20bcc6fcbcdade33aad39b95f21,\x92a787ce0ce8d90b790dfc846e7ebca36f6e1da1e6d03785290193d5410e2f1d,false,\x68656c6c6f,true
12,2024-06-02T10:56:51.342Z,\x00aef05b9b93abc3d92a70aaea322339,\x000100021000aef05b9b93abc3d92a70aaea322339000000000000000201001c2eeff1607a2aabcb3e60be698b5228cd84ad247dd5120815e4028f0b409cef1c58d8a16e08454eeca71b5efff9e325195836f7658c1ab5e6d91b58bea9b1d015474657e13e7552528989258c1272fd0ccbf46c8ed1e5d8c5f8c45a7bcbfae7e219aef39401252f46ca66234c46c60027d707a6a6ab28c2714916c009dad019802972bd4c3edb2089198592a119454b3da9d1a3ef60a55918e28e7974fb6dc196bc7a31bacae0eaeee265305028acfb6d210c1f74b6f99bfafdb0,\xb249154620d4374a78131d4569e4d2fc2f1d8a3a904e702f20cc829aa74b434f,false,\x68656c6c6f,true
13,2024-06-02T10:57:35.216Z,\x00aef05b9b93abc3d92a70aaea322339,\x000100021000aef05b9b93abc3d92a70aaea322339000000000000000201001c3ac1f44dcc61fed43819daed5e96c22cb09b1ea0b77fc9b65fac3a59409c3999d5ffde682a1ef2ba101fb98f271e04b112b6a161a8010034b9b214e955d4bef1101b18258b084d64d3e541a45f7fd5a4bc46c23e4c302a7e8854b297703b6365f6695780da437c3fb9c0acf176ccfa8e884c3d80366fa8d5cbff956e85b314e412593d2d7ef17b7d59f696e0b23fd8310b86aaea33e0d2303c95c7dd76b20c199b6d36b2f3f17d32c882d69aef0fb7b2395ead139ec55c9f959d,\xbc8d383d263ac98f626cc08c78992e17392324e03c7e86a5fba19a8476d75a75,false,\x68656c6c6f,true
14,2024-06-02T11:17:51.236Z,\x00aef05b9b93abc3d92a70aaea322339,\x000100021000aef05b9b93abc3d92a70aaea322339000000000000000201001c7d7cdd8dacb03b9753f2f567d7705d41ae1f490bfccdc2f3cede3ec140a0919f06b05d5472698f4600a0774070c59ae3a0547c079e1be51ced0b1c652aefce41095cb92f0aedc2b4544df03df774f98ee3475f8485e08b8f622942597df6297bdb164885e6ddb29b5981cb2627122aebf61e6dd77ba3ce896351ecd7ffa917b1c4d9641fa95f0972fd7d94189288b968fb950bcf2633690979571c1575070fc8db780823adddeb425cb2fb632d4cf9d542465b3f0e6609ff1487b7e82501,\x45be44ee779adcd71e2abb0baa05af436d3c0e7cc1d00ddfcb39febf901b44ae,false,\x68656c6c6f,true
15,2024-06-02T11:17:58.357Z,\x00aef05b9b93abc3d92a70aaea322339,\x000100021000aef05b9b93abc3d92a70aaea322339000000000000000201001c865aebce1bb69f64d314466419aac276bfbb472f16d70e456401454b409d7827429669f87edf6e90b8a365215df97e5e82e080592c232a60ca94c1f43bfd1b3970f1ae9babfd19468ef4843efc699f2b81fcfc6a277021d2f5d3360d958fcc550c32b44f271c027649a9ead5b28fc06a0eb63569b141b1dbd6bfc96f45e2a6cec45fab0a1028d614ea9aa3968ef0a4e04490deb4bf2fbbe2800f783f5915877f078713e6303911a1923dca76a7c80c42eebc56e0b8deeed1c47fcd,\xce76dbe76faaf4ee658b93925de41edd1073b211e780d5c9428f74a031ad306e,false,\x68656c6c6f,true
16,2024-06-02T11:51:12.050Z,\x00aef05b9b93abc3d92a70aaea322339,\x000100021000aef05b9b93abc3d92a70aaea322339000000000000000201001c156e70e3824d31ae02dec880a8d91e522695e22a4a3d93739a0d388040ac13aba8c94b602dfa9511b10327c463cbcbb877266546bfc98604e5e3ca535b9ab6a98d1ddfd10ed558af813ed8de9854e394b5fc65cb6b5bbbe5f7572046c365b85b709f575dc9335dc65598bd03df810e7fb36cac56f8fb7b5b0460af98963536ce5fcc2a9bf66f1170a602cc8a7e276a5ea4252031eeb39f2b3a837ef173d2cb7934f8e600555f92a038448bbb4a202806bae3b4aafe2e0185be06bd274f49c06b6b9e9e21f87898801bab,\xb9df660bd1ef9b4cd531b9b4665657ee21ecf4ad29bdde67f9b01e82bea43f56,false,\x68656c6c6f,true
17,2024-06-02T11:51:20.822Z,\x00aef05b9b93abc3d92a70aaea322339,\x000100021000aef05b9b93abc3d92a70aaea322339000000000000000201001ca8c6484c4e38ccf209cdde612c22c02b6a87e056262144d488683b6d409ed3093caa61fa2cd8e94c497f13ba7542c146a3b5b5e8b773d3fa5fa0925d67d80eb32b26160dd402138ffa0bd80e1fd7bd0d0e3d7d416d02dd207e65c91d0fae579bfe8fc591c6157abb8c25d4348581b22e232d5b7367f6cbf6b8d84d6118abde9a9297140348d188fc2edd30f483268daada6801c44f4d111b666cc8b1c6db1c598d185dc803692f43bfc039aea796a707a46b735f4a0b1eb7c376aa92,\x840b82a5689f6feb2db667fa7c781635b6c5efe849def62557b26be0ef9d54e3,false,\x68656c6c6f,true
18,2024-06-02T11:52:28.181Z,\x00aef05b9b93abc3d92a70aaea322339,\x000100021000aef05b9b93abc3d92a70aaea322339000000000000000201001c061b8168899dbdfeeb0902d08d78cd7a5f4bf697c7606c2e5f0ede21409b1be3fbc5dcc7a1eb0cd669e3322229e05536430a1a953f2189e6ea41bc51d0710f7fd55827d91bcca1baf0625dceea43aee762b43ed800466cc34597b96b90c5d6f03726b70d6c9c2ca2620ec1b895e260ad90459c394d824df4a3381032fb052d61008aebbb3300dc1d50fc36211c2488e8b51ae4607ee6aae150714b63cfba90eed3667fdeda9661e7c61b5035238b38d782ded9d6cf822b7887,\x4bfb17127159a7c3c251d6c2077a095224fa60035c18f2cf6d4dfcf0a6bb7fe9,false,\x68656c6c6f,true
19,2024-06-02T11:52:55.308Z,\x00aef05b9b93abc3d92a70aaea322339,\x000100021000aef05b9b93abc3d92a70aaea322339000000000000000201001c23f7d29b41ad8d571cdad6c8b47744b437dddba5d1da0909775ec0a940a17e5c90b0d70339d6f3caf9cb42d46d775ae8d2605bb015fd1165c3f344435c7eaf611646cfa3abbef22b445a9a0be858d114c4543b0144991f0f4a93fe72660fb86f67aedb76ed1d6ea4bfab6b15b8dfeb5091662dca1898e6f5e468c8ed31994bd0236e6ab13b463e338f3699ca79314336f7de77c04a9cb67eab9123044c7a257a31bd5bc5225c44ac2bcd2200b341884f4f40543ea462bb7b02fd9fc8f1ed66,\x4750562cdd43e618235c0bc967a0d5e5ac9ed241d07c340039272103ab099565,false,\x68656c6c6f,true
