sequence_id,inbox_id,server_timestamp_ns,identity_update_proto
1,\x01177004c63739c1298c8edbbc09b2017999e1368b972307cd3e167b1bcb23c6,1717194528366073123,\x0a80010a7e0a2a3078663065613736363332333366393964306331323337303637316162626236636361393830613439301099edf9c8e1c9e6da82011a450a430a415b25f52b9df11e52a2a6fe19e64626eb31b618edc1f974c1b769954247a946df7d42077efe33092aa7e0f6c2bacce5d1b47ad8ac557bd2084927de5dc5c3ef16010ad60112d3010a221220a771e3e5ff97f6ca754ffd81171d1032059af0372335ed546999ac9e17fe46b512450a430a415b25f52b9df11e52a2a6fe19e64626eb31b618edc1f974c1b769954247a946df7d42077efe33092aa7e0f6c2bacce5d1b47ad8ac557bd2084927de5dc5c3ef16011a661a640a403499efbfff093cb44b4648776245d7671dcb5d1559bf2595579f62b18aabcd8932a1cf591547460cf03686878d26b59c2a4a187754b573d35e3d63ba6f29d00f1220a771e3e5ff97f6ca754ffd81171d1032059af0372335ed546999ac9e17fe46b510c0d4bdc1a9eaacea171a4030313137373030346336333733396331323938633865646262633039623230313739393965313336386239373233303763643365313637623162636232336336
2,\x49e1396746325730af75afa0dcb927979a4f2c0bb2cba6fc793a6d9cfccd7a2c,1717195974372717601,\x0a7f0a7d0a2a30786263303866343362383764326163313565386162616333656365353064336433333964343134343710b2c1d9e7d991d3aa3a1a450a430a41ecaa6ac223d50b4255a52125c3810bbbba95ff1e0f7c83d97a8ac2e5b9fb78df0452a171c64b421e7ec3e0e03ceecf3f8821f396206ca39d3320ef5ba6ff03721b0ad60112d3010a221220c55f71255b6364fa8d3a63bec8c0b609e99421e262572bcdb3cf63030059703912450a430a41ecaa6ac223d50b4255a52125c3810bbbba95ff1e0f7c83d97a8ac2e5b9fb78df0452a171c64b421e7ec3e0e03ceecf3f8821f396206ca39d3320ef5ba6ff03721b1a661a640a40adead06ed8c8dbb2329d5e990b4f1261c55cb385bc3c38ac5f4129fe07249a9b825cebe6a24d5b11c6c21d2839657084c94f53b379be39013579b6bec36edb091220c55f71255b6364fa8d3a63bec8c0b609e99421e262572bcdb3cf63030059703910e0b8a9a5bf94adea171a4034396531333936373436333235373330616637356166613064636239323739373961346632633062623263626136666337393361366439636663636437613263
3,\x18af61085e2a31a5c0ac179ea324d4cc34930351acb17a2856c9ca0e6ac32dbe,1717196002791462345,\x0a7f0a7d0a2a30783465663161626364386339313566336432373138363937396338653237626535373238663238666210aea2d1a8eebebd8b111a450a430a4152be587bc836f207d86a3d7edb3a7ac8e3e14ee46e50c385f78b62faf5c6e9a9107efac3fc98f1f02d42320f922a523ea92af09c92fae299d08364478f002dee1b0ad60112d3010a2212206c25acb8931a71d684c5c95694307131c8cef89811ad56f83e9d93993eb5970712450a430a4152be587bc836f207d86a3d7edb3a7ac8e3e14ee46e50c385f78b62faf5c6e9a9107efac3fc98f1f02d42320f922a523ea92af09c92fae299d08364478f002dee1b1a661a640a40785fc0fb43f7a36ac2cf5ee58687652a508c204414cda15bd3d49749decc0ba11ec5c15fba538ccdb00df5ceb495990afe5d9818cd3f82400f51b8a921ec320012206c25acb8931a71d684c5c95694307131c8cef89811ad56f83e9d93993eb5970710e8eb8695a995adea171a4031386166363130383565326133316135633061633137396561333234643463633334393330333531616362313761323835366339636130653661633332646265
4,\x4e762340a0a528b4c029795a152da35494e13b2fc75c7d47c3b7a07906da1feb,1717237824540853378,\x0a7f0a7d0a2a30783161653339663461376164393164363635633961393364396333613333323765396365326634333010afe9a1b5edb6b5af291a450a430a41b776b433cf80865654fd382c2a798fb0eecc578bdf7bcd0d65dd2c38aa43af2b6f023d6ac792a7a7ca2899618ba19900eee7c51ff0d4e97320bafc513c22b808000ad60112d3010a221220ef40b9aaed23b0660ac001cf1b212fe3a330da53abb85d3d09a4226d2e9246e712450a430a41b776b433cf80865654fd382c2a798fb0eecc578bdf7bcd0d65dd2c38aa43af2b6f023d6ac792a7a7ca2899618ba19900eee7c51ff0d4e97320bafc513c22b808001a661a640a4030b1ad8cdc8819e3d3aff7a6c741da4369e809c0cafb5ae56757d4379fd9711c063b48935bf4883dd55f975b27e5bdabb6e67285a3dfe612441c870da195ee031220ef40b9aaed23b0660ac001cf1b212fe3a330da53abb85d3d09a4226d2e9246e710c0a28782bfd6b6ea171a4034653736323334306130613532386234633032393739356131353264613335343934653133623266633735633764343763336237613037393036646131666562
5,\xc0626ef6c53c832d51b5ce09a5b9683a6ff1087e0fc7470d27f26a7785b1a344,1717242270033166425,\x0a7f0a7d0a2a30783165326230666638393731323733666133663039663130633931623830386463326334326636303910fcf9ffbbd4c3c7b54e1a450a430a4122249440fe5990e3ce598d0fd12dac4ed9436d2c4c7d98b86c12c3c89ee65ef34474fab582441963893f12e85a3be4e2dbf171e9df983454d44491cc85f16893010ad60112d3010a221220d75c5e9374864bbcc7fac965387904fe9c8077923df923dcfc28ca9b726caf4512450a430a4122249440fe5990e3ce598d0fd12dac4ed9436d2c4c7d98b86c12c3c89ee65ef34474fab582441963893f12e85a3be4e2dbf171e9df983454d44491cc85f16893011a661a640a40855e119f7ba42d9940e70385f6742ded32c92d8526fe3b99b006ac864a968b7ce6603f1bface286d8d12fbd6a20932a3b1ce529e8ef0af1bd442cb7ba5f76e011220d75c5e9374864bbcc7fac965387904fe9c8077923df923dcfc28ca9b726caf4510e08dcbc8eed7b7ea171a4063303632366566366335336338333264353162356365303961356239363833613666663130383765306663373437306432376632366137373835623161333434
6,\xc30b25fb3d0203a1526ba48d0f3f732128a31c3ae681942b0ed52f346ea1ca54,1717257943956360977,\x0a80010a7e0a2a30783831356630373730646131313961366466663134336466376137333863316236353131323231643210a295d2bedad8fe90c6011a450a430a412a536d3987b64554a2f4ebbf86291be463ab835b6a4a45b6dcfe05502754eba5416f512a4882471aacf72bfb0bd207e0f627dedd8da729061aa3b4c146337318000ad60112d3010a22122044c5c312d970131bacf938a9e1140000be24c90371649c9df9001eacfc9138d712450a430a412a536d3987b64554a2f4ebbf86291be463ab835b6a4a45b6dcfe05502754eba5416f512a4882471aacf72bfb0bd207e0f627dedd8da729061aa3b4c146337318001a661a640a407f80bfc87d497d2ee5f0b05a77d26b3c740cef4dcefe71f2fcd3885094c78f5baeb4305d946dc56b3f25f96649f3b720a08adead46c5abd0dbf68c4ed870090e122044c5c312d970131bacf938a9e1140000be24c90371649c9df9001eacfc9138d710e89ca2d285a0bbea171a4063333062323566623364303230336131353236626134386430663366373332313238613331633361653638313934326230656435326633343665613163613534
7,\xc30b25fb3d0203a1526ba48d0f3f732128a31c3ae681942b0ed52f346ea1ca54,1717325638598264571,\x0ad60112d3010a221220b8bdd05c9214d040f23dc6dd3ec100cad448ebf94cd2859db943d2dd3c97cf8712450a430a41c78f1957515ae29574035d0dea4002ce4a234596cbcc7d9efd615d0e0205bc3d384a31e3711341c5a90ad4e40617fdf8e0e7db5f9bc41a843b6660090ac86efa011a661a640a4074435afa8f1c7a3767e9da2f041800b255cd55f0a8713987d295e61d28336f42dd4a05b670c6365b1d73dc5ec8fa2dea424738fa64e2ecc603f48b1a659bb1011220b8bdd05c9214d040f23dc6dd3ec100cad448ebf94cd2859db943d2dd3c97cf8710c0e0c9db9bd2caea171a4063333062323566623364303230336131353236626134386430663366373332313238613331633361653638313934326230656435326633343665613163613534
8,\x760ffbb4d7b9deafc77f3b09c35c63ac4daf51231a890380ae8302dc4cfca9f4,1717459642331127065,\x0a93020a90020a2a3078363335623332323933306630656436323938343666616563636539346462353034303066643437651ae10122de010a96010a4c08f8b3c984fe311a430a4104f2ad9434378aa838b1e39cf3e856457a44497c6302893f176a42352839f6b79d13ec96a11fc9e11cf9f22457db74b7fea1ec363839bd8d443fb055b98b878a6512460a440a40474e2998d43662c8045aa5b90567f8a5975758a52efbc347cff1e1d309d56e82516fec0716ed1c856dc2aab1d2c94c44dc546601f64536391adabc37e3602240100112430a41a0d512096ba88da9244f0a6b4279fc1dbb01eb7f36e781793ff80f40012f747262b3a98d32bdb620f62d3aaf1715553b059dcd0f0beba78f9f8c6b42786e49411c0af30212f0020a221220eddd913bccaefe323f7c613b14cd6d050246c263af00462e7e3709f351c3456812e10122de010a96010a4c08f8b3c984fe311a430a4104f2ad9434378aa838b1e39cf3e856457a44497c6302893f176a42352839f6b79d13ec96a11fc9e11cf9f22457db74b7fea1ec363839bd8d443fb055b98b878a6512460a440a40474e2998d43662c8045aa5b90567f8a5975758a52efbc347cff1e1d309d56e82516fec0716ed1c856dc2aab1d2c94c44dc546601f64536391adabc37e3602240100112430a41a0d512096ba88da9244f0a6b4279fc1dbb01eb7f36e781793ff80f40012f747262b3a98d32bdb620f62d3aaf1715553b059dcd0f0beba78f9f8c6b42786e49411c1a661a640a40ea9b9bd2a10a59b00f22a8aa2468e8431fa24dfa73f05d461daf3ee2f784412fec8ea362e894cd9a5c50903a624786e73359278ccaca55a15f9def02d5cc030d1220eddd913bccaefe323f7c613b14cd6d050246c263af00462e7e3709f351c3456810d09df7f5998ee9ea171a4037363066666262346437623964656166633737663362303963333563363361633464616635313233316138393033383061653833303264633463666361396634
9,\xdc9a073ff479dc37c7dbecc7d6bdde7b4972001455e098713f92e64ac6ab7d78,1717459904029770544,\x0a93020a90020a2a3078643030393937653435323164316461643936643337366132353639376666353138306335623934371ae10122de010a96010a4c08c4b6d984fe311a430a41042c16a7616262101331978219d3d8359b03dd5efbcce71702614f205eada484415298ae53f461a2b73591033b26f3ab14f2ad0a71b9c52d90cfdbf55057fca0c412460a440a4064e21a3786c2542ed471dc33106a845b9eb4c4be1a0b12eaac45a3f34c08fe89234054ef9aed51ffe0c5382b5da2c6d6a2291c260a5437c64fd7c3e0d21d27e1100112430a417aeda4ec91320514d8e6618b7f3ef2a2c692e2ad6887152db1d055245dbfd08354a9f4918308ae6b7fca5cdc487ef0dc4fd741bd926b3e8d6b64fd07b054f8161b0af30212f0020a22122005045cb2c7fc76a99c7b9e727d1a7a71c4a0c8638e39ce4c790525125e901f6412e10122de010a96010a4c08c4b6d984fe311a430a41042c16a7616262101331978219d3d8359b03dd5efbcce71702614f205eada484415298ae53f461a2b73591033b26f3ab14f2ad0a71b9c52d90cfdbf55057fca0c412460a440a4064e21a3786c2542ed471dc33106a845b9eb4c4be1a0b12eaac45a3f34c08fe89234054ef9aed51ffe0c5382b5da2c6d6a2291c260a5437c64fd7c3e0d21d27e1100112430a417aeda4ec91320514d8e6618b7f3ef2a2c692e2ad6887152db1d055245dbfd08354a9f4918308ae6b7fca5cdc487ef0dc4fd741bd926b3e8d6b64fd07b054f8161b1a661a640a406db869df9c37ddc76565ebf5a86ca9e46698f3da14a7f4ae3c129a0e241dfdb98303d48883fd1127e5cd28846839a4499b34f17fdc98bcbe7318d34c04739c07122005045cb2c7fc76a99c7b9e727d1a7a71c4a0c8638e39ce4c790525125e901f6410b4ffd0e5e895e9ea171a4064633961303733666634373964633337633764626563633764366264646537623439373230303134353565303938373133663932653634616336616237643738
10,\x455d638d5e3e7d3f7ff3fa37ec1b03521a65fcc6e5ad1fc8cdf3c2e929896103,1717459940891091545,\x0a91020a8e020a2a3078343262356333613162326563303065373235373064343961346634363639663835616630623565641adf0122dc010a94010a4c08a6d9db84fe311a430a41046b9735168be283ecd28b129b7ecff8ad368c92d1eefaeb0f02a3e4dde3734aa9c0e36d6551209408c5301206c3a92149da16ee73833db09bad3e0568f4cee4b312440a420a406fc7629370b240343e4de6269c8094b908a44abe057745509abdff6d1cf279890cc634c982fecb17e10b4f6d2c013d3ea96457736b739243e91186a2a3789c9212430a4195eafdd2aa4fe8898beb3b1b92c90a2a0e219f85814eb1a705c376f87a8bcb86148d745dd27224cd4a83f5e4bf1be07dc80707b0230ab17e9aa85e14c7f96fc81b0af10212ee020a221220c01019c512579295431d7657c9f5f7c6fb294051a4af72d5bfc3c4569ddeb45612df0122dc010a94010a4c08a6d9db84fe311a430a41046b9735168be283ecd28b129b7ecff8ad368c92d1eefaeb0f02a3e4dde3734aa9c0e36d6551209408c5301206c3a92149da16ee73833db09bad3e0568f4cee4b312440a420a406fc7629370b240343e4de6269c8094b908a44abe057745509abdff6d1cf279890cc634c982fecb17e10b4f6d2c013d3ea96457736b739243e91186a2a3789c9212430a4195eafdd2aa4fe8898beb3b1b92c90a2a0e219f85814eb1a705c376f87a8bcb86148d745dd27224cd4a83f5e4bf1be07dc80707b0230ab17e9aa85e14c7f96fc81b1a661a640a4083fbef24dde9548b2a99fb0fa6c1f2da2443c68b92db9bb25a648127ba1a91cfd4ec8243d54fd0141c025da50a1bba02678e0f48342a3d463376a2cfbc473d0d1220c01019c512579295431d7657c9f5f7c6fb294051a4af72d5bfc3c4569ddeb45610f7878f92f296e9ea171a4034353564363338643565336537643366376666336661333765633162303335323161363566636336653561643166633863646633633265393239383936313033
11,\x7bdbf4ad76b81fbfffccb126e3c8a6ece82509651df1e78e7917544ff3b6fd42,1717472607158337769,\x0a93020a90020a2a3078313430343466333461653663663133613562656662356533306563326161633366653239353530631ae10122de010a96010a4c08e2e1e08afe311a430a4104192822b3bca36f959cd71a5d8c62ccb41b1432206ddf9981cd31441a2184ddf931233feefc0efb8c7659536a1ca599af7bbc1e5dbe2bba54da648936e6f3e91312460a440a40bde3e605aa2300556474c18bf055559ef631cb47891b32d20f3a90544fd4c38a2b9f4ec0000d089e307f8cb0289ac2278076966c99bf51aebd3e2d0713433a01100112430a41f7642c40a96d6b0f063b62231681e3efcf99dd4481f060e6b1131b0e964a13e62c93d8ea5a19fa7069af511f493062c37b70c110133fbad9c7194065b399b2c01b0af30212f0020a221220afe35c91f1cb7db284bcd823191be96c24c19fad7c8fed2cba1f74f36990836e12e10122de010a96010a4c08e2e1e08afe311a430a4104192822b3bca36f959cd71a5d8c62ccb41b1432206ddf9981cd31441a2184ddf931233feefc0efb8c7659536a1ca599af7bbc1e5dbe2bba54da648936e6f3e91312460a440a40bde3e605aa2300556474c18bf055559ef631cb47891b32d20f3a90544fd4c38a2b9f4ec0000d089e307f8cb0289ac2278076966c99bf51aebd3e2d0713433a01100112430a41f7642c40a96d6b0f063b62231681e3efcf99dd4481f060e6b1131b0e964a13e62c93d8ea5a19fa7069af511f493062c37b70c110133fbad9c7194065b399b2c01b1a661a640a40751082f72def48060f863bb62aeee631cf8d0df2260ff9b2d8527473e52744e25d57fafac8c64ebed18630b0b372641ee72efa00fa04f4e233d544d94895a90e1220afe35c91f1cb7db284bcd823191be96c24c19fad7c8fed2cba1f74f36990836e108bf595c6c387ecea171a4037626462663461643736623831666266666663636231323665336338613665636538323530393635316466316537386537393137353434666633623666643432
12,\xa5ee5c7aaebd7af0e5d99b7b7411d90b0ca2304c18a0ae066eacec3573f6f7bb,1717472861472068895,\x0a93020a90020a2a3078313061636665356266363330363365336435323065663733623533633831306263323238626365321ae10122de010a96010a4c08b897f08afe311a430a4104bdfa5b2e948e77c818efbd5dd1cb6be44772e50e093a324d1ce7c4155b6d0cf428bcb8c9f9a4b5e587ad516bc48f1f57ac528023108f2a930682fc18b8feb5ef12460a440a4090ec7be87e6f91147303c6b21cd4349373b900e6c64b89a9e2cfd295b38d50362bdc0b0f1109659535dbd979f55db93812eef38b72964a733588c0993298ae86100112430a41d47a4b456c726506cddc7ce74bf99696dfa5005b5329b2cd65781c8bdf5b66e440b41f85a59dd0db270d9cba4a80af8401b76ec7f341c90b4c6418dcc293f63a1c0af30212f0020a221220bdc0534dfb95cb61ede6c6f6bbc4e820c4faf22f4bdf34ae845865320aaa532912e10122de010a96010a4c08b897f08afe311a430a4104bdfa5b2e948e77c818efbd5dd1cb6be44772e50e093a324d1ce7c4155b6d0cf428bcb8c9f9a4b5e587ad516bc48f1f57ac528023108f2a930682fc18b8feb5ef12460a440a4090ec7be87e6f91147303c6b21cd4349373b900e6c64b89a9e2cfd295b38d50362bdc0b0f1109659535dbd979f55db93812eef38b72964a733588c0993298ae86100112430a41d47a4b456c726506cddc7ce74bf99696dfa5005b5329b2cd65781c8bdf5b66e440b41f85a59dd0db270d9cba4a80af8401b76ec7f341c90b4c6418dcc293f63a1c1a661a640a409c601568b6e5c811cda9dab0426e10d6218728d0d2a0de614116c4c8638d4bd97cf18d2cae5a923b25093acd51a9671b76788b79a914c34f0416f8534b86ca0a1220bdc0534dfb95cb61ede6c6f6bbc4e820c4faf22f4bdf34ae845865320aaa53291087c9abf5f68eecea171a4061356565356337616165626437616630653564393962376237343131643930623063613233303463313861306165303636656163656333353733663666376262
13,\x45b212e0c1a05158cd11a2bf61d5d01cae408b9ac2ff030bfb499d26ec97224d,1717473253644104271,\x0a93020a90020a2a3078636235353334383566613638313933373661356236626135663566656562656566623537356131651ae10122de010a96010a4c08ae9e888bfe311a430a4104828a16f0c9eb771cd74b7ee226b3868dd03e4cb3121626a6121fb0b3c6808a6f9aa80d4ac1deb8bac4a1ce2b459afeb4015e7ad225b23dc8252e53326109f73412460a440a40aa9476d345d1d5ee9a6b0243e6373a6ad69b5f09c2ff098c3a454db972d89f275c8586eb26c7c60ff49bb862b36fe3450b48fbb1ef453e3681f715c009a35b78100112430a41851736563ff046db1df41c400c772978a4a97f79b96afe6eea113df043804d7d3aa5a4f22034358fab65a77f11cb48a2adf62b2bbaaa50316f5303e3b9b01c271c0af30212f0020a221220e6833bd80cbeb085d4fdfcb2590938f73e44c7644ea5dae9595165250eca2cbb12e10122de010a96010a4c08ae9e888bfe311a430a4104828a16f0c9eb771cd74b7ee226b3868dd03e4cb3121626a6121fb0b3c6808a6f9aa80d4ac1deb8bac4a1ce2b459afeb4015e7ad225b23dc8252e53326109f73412460a440a40aa9476d345d1d5ee9a6b0243e6373a6ad69b5f09c2ff098c3a454db972d89f275c8586eb26c7c60ff49bb862b36fe3450b48fbb1ef453e3681f715c009a35b78100112430a41851736563ff046db1df41c400c772978a4a97f79b96afe6eea113df043804d7d3aa5a4f22034358fab65a77f11cb48a2adf62b2bbaaa50316f5303e3b9b01c271c1a661a640a402f658d44774f763f14ed4f3a71aa9fcd38bdad04a4b0d185047c67bb49795c5a0adb2e5a0c87c19e64f750da45e6b69ed142d4101c9c75982740fabfcb3da7031220e6833bd80cbeb085d4fdfcb2590938f73e44c7644ea5dae9595165250eca2cbb1089b6cef2ab9aecea171a4034356232313265306331613035313538636431316132626636316435643031636165343038623961633266663033306266623439396432366563393732323464
14,\x97872204e2b17239ee3053c8b76e3b9eef7249daf5b3b014f75074a5b8d549db,1717473641402190393,\x0a93020a90020a2a3078613633323230343063343234666138363431353433383639363461656533386334613963666431641ae10122de010a96010a4c08dff39f8bfe311a430a4104c2843c17014af7675340b477523859057e6f65f4263fa7e126e02bfbc2efc4ac22db0faf379353526341227d4425eae1092c3bee7b489b3a84f6e64efbe682a512460a440a40ecb7aec639ddf67f994289d1021c73a3e6fd03bb46409463afc6353d70700a63445fecb2e459031b4065950902a0b07432e5ddfc75ed82cf3802decb9158337f100112430a411b4f2bce6d8afcd48e088861f42cc2c5b3efd27eee37a830e2d97b34906e2d3b50599ab31ddaf0c251f76560ad22319ace6c0c8de156e46a08dd06bd6fa81a161b0af30212f0020a2212208e6dbe0f2ba9e2af5ead6a3dad5d60d11774f0d42833df4e975f3f46a7c8690a12e10122de010a96010a4c08dff39f8bfe311a430a4104c2843c17014af7675340b477523859057e6f65f4263fa7e126e02bfbc2efc4ac22db0faf379353526341227d4425eae1092c3bee7b489b3a84f6e64efbe682a512460a440a40ecb7aec639ddf67f994289d1021c73a3e6fd03bb46409463afc6353d70700a63445fecb2e459031b4065950902a0b07432e5ddfc75ed82cf3802decb9158337f100112430a411b4f2bce6d8afcd48e088861f42cc2c5b3efd27eee37a830e2d97b34906e2d3b50599ab31ddaf0c251f76560ad22319ace6c0c8de156e46a08dd06bd6fa81a161b1a661a640a40b5baaae4739ade1b26c4c3fa2ab526173af8783c6128957f3488020e49bdcaaa0b055804d22fc38f14e407b64f7e81dc988980d38ca34ebfc3c8634918566c0f12208e6dbe0f2ba9e2af5ead6a3dad5d60d11774f0d42833df4e975f3f46a7c8690a10fb87cdb0d0a5ecea171a4039373837323230346532623137323339656533303533633862373665336239656566373234396461663562336230313466373530373461356238643534396462
15,\x888177efd81b8dfca2eab057d115ff39820300fa4f301e6b0a796ab2b7ab1a88,1717485485128479524,\x0a91020a8e020a2a3078326532656362333435343063306365613866643365663334666238316163313233613433376564301adf0122dc010a94010a4c08b8dcf290fe311a430a41040e745f8dacfe686a4b710aded9359da899a1bc0feb730250fa34a7f91ef6224bfbe2f211b30aaa7e7c1389c77803ececb3e1e167be6106af63977f8243698ae512440a420a4046c0249ccfc25f27c4b05d2efffbb587302e9228bad856a2749fa46a193a821750f4826bc861ea349c93075cf99106b7cd54ba5ce12416ee13b3c5aba31415f512430a4120a09059133f1b94806066920846b692ac9e3e0831b025a9c87db614557fb89f397515496e13c0ffd22f97fc57352f53dfed4fd9626fcc4d6021a0d07ba5f65c1c0af10212ee020a221220c485588788c1d249f753bc88894f5fba4aa930d1ca1ef0b66159c7f9eeb4f6ca12df0122dc010a94010a4c08b8dcf290fe311a430a41040e745f8dacfe686a4b710aded9359da899a1bc0feb730250fa34a7f91ef6224bfbe2f211b30aaa7e7c1389c77803ececb3e1e167be6106af63977f8243698ae512440a420a4046c0249ccfc25f27c4b05d2efffbb587302e9228bad856a2749fa46a193a821750f4826bc861ea349c93075cf99106b7cd54ba5ce12416ee13b3c5aba31415f512430a4120a09059133f1b94806066920846b692ac9e3e0831b025a9c87db614557fb89f397515496e13c0ffd22f97fc57352f53dfed4fd9626fcc4d6021a0d07ba5f65c1c1a661a640a4078178db2030640132b9cb527361bafb369e41d19042c47a88722ce26e2d51af82a996fa064ab72fedb960f27a2626b6581f8b848ecd38386f9d1943811a47c0b1220c485588788c1d249f753bc88894f5fba4aa930d1ca1ef0b66159c7f9eeb4f6ca1098be9d87affeeeea171a4038383831373765666438316238646663613265616230353764313135666633393832303330306661346633303165366230613739366162326237616231613838
16,\x5ec92210bbb2752f51ee935d02483d4f6fe85e8a5e53382ed4e501b4196a9de8,1717487021689752426,\x0a91020a8e020a2a3078323534626538373233316137623139626131306434303361326630383934633466643531313235391adf0122dc010a94010a4c08e2c0d091fe311a430a410467c15e74f28bd6e4f44861096211a5135b747d20de61e78f7e7411d1e9afb989e9d12ce17eb3c703616372c9e4fccec875a9500b8492fe78b645041ee396236412440a420a400ce4f2e4987fa652c2f5b3df3873ce18d1aec1566b107dcb54a126793504fd1d4962dee49761cedcdf6e989f29f968f84d23d91de1f41e0fcb2ac4a166baa19812430a4196b49ce56bd28f41e8f2a93a2fb91299aa5e8046060cd8c39c8d00f184b14f342a8263242166f35b465ca0e4c48efeef1b67c54977967a083d0df283a49aea1f1b0af10212ee020a2212204b655536e6f7229292b3bbe3a3ca8fe65a39fcd60b99215a4c30f4948852b9e312df0122dc010a94010a4c08e2c0d091fe311a430a410467c15e74f28bd6e4f44861096211a5135b747d20de61e78f7e7411d1e9afb989e9d12ce17eb3c703616372c9e4fccec875a9500b8492fe78b645041ee396236412440a420a400ce4f2e4987fa652c2f5b3df3873ce18d1aec1566b107dcb54a126793504fd1d4962dee49761cedcdf6e989f29f968f84d23d91de1f41e0fcb2ac4a166baa19812430a4196b49ce56bd28f41e8f2a93a2fb91299aa5e8046060cd8c39c8d00f184b14f342a8263242166f35b465ca0e4c48efeef1b67c54977967a083d0df283a49aea1f1b1a661a640a40b18664454278d958478b26620581531f0dbda62141b317609afb39ffd655b3955caff345ba736a6aed7ee31565977f64f33a387f0ad92b91bbe76a2f1fb00f0e12204b655536e6f7229292b3bbe3a3ca8fe65a39fcd60b99215a4c30f4948852b9e310888ac8a88babefea171a4035656339323231306262623237353266353165653933356430323438336434663666653835653861356535333338326564346535303162343139366139646538
17,\xb8606143c26d5e635dd7d026fad85361af20adb9e71fe9cd39d56e2b9568ea9d,1717487081192233365,\x0a91020a8e020a2a3078613661623235313532336239343336393339626234663564623639636131363864636464626164651adf0122dc010a94010a4c089c89c3f3f2311a430a41042d943448d8e016fb7c0d49f43649bb72fee2c15e86b3b3eee75abf6dd0e655db65d6c87eea650b20f0711573bfbee04906ad85fdccaf5e984f47304f487fb13712440a420a40f634f5ed00b73925c6814f92aecb12f147eb34e2f77ee4cacdd02c4e10a1686d5a4f8a677b7f0f4bfa97e95fd4665b3bd2a507bd89485c6636155f9c65f5b1bd12430a41b23c88b5e046761d5c6e681e30be4f26b58f7ad5adce0da3d20a752eab49de8b65687f437806fe2281b362a2bf067684b762e541af035b5f93336fbedf4ff79e1b0af10212ee020a221220912882bb7b6b3c2cf9c0be376db03a10bc567f6ee0d59b1a4a8686af7f5223f112df0122dc010a94010a4c089c89c3f3f2311a430a41042d943448d8e016fb7c0d49f43649bb72fee2c15e86b3b3eee75abf6dd0e655db65d6c87eea650b20f0711573bfbee04906ad85fdccaf5e984f47304f487fb13712440a420a40f634f5ed00b73925c6814f92aecb12f147eb34e2f77ee4cacdd02c4e10a1686d5a4f8a677b7f0f4bfa97e95fd4665b3bd2a507bd89485c6636155f9c65f5b1bd12430a41b23c88b5e046761d5c6e681e30be4f26b58f7ad5adce0da3d20a752eab49de8b65687f437806fe2281b362a2bf067684b762e541af035b5f93336fbedf4ff79e1b1a661a640a40ba06e5b5318c9e519540221bcbf19196913ac790ed8693ee6e7b395aededce8fd730b73f839497935edfb4c8e7700e377b4cd81a47b4caf75846fc956d83bc001220912882bb7b6b3c2cf9c0be376db03a10bc567f6ee0d59b1a4a8686af7f5223f110b8d994eae8acefea171a4062383630363134336332366435653633356464376430323666616438353336316166323061646239653731666539636433396435366532623935363865613964
18,\xc638e1adacb24ba50308cddf6ca900bce931b16f2b3db21ea99689bb9e6e4f02,1717487279364850616,\x0a93020a90020a2a3078623730363634333839356534323333653836616364356534656363643966326532656262356232351ae10122de010a96010a4c08bca3e091fe311a430a41048180ff85dbbae27d2776874ecd682cc1cffa3a109b82e73fab794a6ba4c5d87014fb963e3e3e223ac394677aebd08fcb2c1493a923a30cd2516855232d023fff12460a440a40130a261902efa6adbe78d712e651aaa24f615b5973768c58759c9f02fa96f59e7101eb60729d9079e336d079b81b0f0a0cf3dc1fae31a76a990e79e2429d316c100112430a41372b2bdd3b5838860fc8074057d54dc8fbd77d6b4ef8769abf092b16e406f18e53570ec027e3c6e12ab68c47419573a78f6af7f3113d416ffbf1444102789e731c0af30212f0020a2212207ce29e87861cf9c143b5b9ec240a67e6157bf5990eaf06dda2b706f0c0e8885b12e10122de010a96010a4c08bca3e091fe311a430a41048180ff85dbbae27d2776874ecd682cc1cffa3a109b82e73fab794a6ba4c5d87014fb963e3e3e223ac394677aebd08fcb2c1493a923a30cd2516855232d023fff12460a440a40130a261902efa6adbe78d712e651aaa24f615b5973768c58759c9f02fa96f59e7101eb60729d9079e336d079b81b0f0a0cf3dc1fae31a76a990e79e2429d316c100112430a41372b2bdd3b5838860fc8074057d54dc8fbd77d6b4ef8769abf092b16e406f18e53570ec027e3c6e12ab68c47419573a78f6af7f3113d416ffbf1444102789e731c1a661a640a40388a41322e5258ec96bc67bc8982986d0452c373872e1e9eacbfc5684643cf573eb606352d50dcfee9525f4c61160d0ed847d993762a8a53b3f03cfe1b890f0c12207ce29e87861cf9c143b5b9ec240a67e6157bf5990eaf06dda2b706f0c0e8885b10c887c39ecbb2efea171a4063363338653161646163623234626135303330386364646636636139303062636539333162313666326233646232316561393936383962623965366534663032
19,\xf23bf5dbc8db0dcf4fd88c401b02b53d9b4b3e1c7b0fbce94e8d7a33252ee9e4,1717488817873735672,\x0a93020a90020a2a3078646235623931333466663562666362363532353231353534343031366563666138386364643339611ae10122de010a96010a4c08ed94be92fe311a430a4104e2ac6f308d5bf51c9b0f03ec38be2bb18b84f070e3bdee40942597df0394f7eb4730dd381304dd1b9160d281704fafce54f84cd73fd10abe893a5759baa65ce512460a440a40b4e3016fdc2ad2f704804978b5e9cdf21241d700c308a711100b5c5e809121c849dc84b266184cc4d832af89bf9cbe51f90960b3bf01a79e9f866f1d1b011517100112430a416b77333fdfd4d353a26579f3b6d320fbfd05f4de83f76e25e8f2318217dc57e92568e1c819ba24d15249f83a48cf9f331bee59b20c7ebdc475b4059e90806ac11b0af30212f0020a2212204138785558f7cca29e5f175700379a250ccc3fcd479ee6574aa3be6618cd2cfa12e10122de010a96010a4c08ed94be92fe311a430a4104e2ac6f308d5bf51c9b0f03ec38be2bb18b84f070e3bdee40942597df0394f7eb4730dd381304dd1b9160d281704fafce54f84cd73fd10abe893a5759baa65ce512460a440a40b4e3016fdc2ad2f704804978b5e9cdf21241d700c308a711100b5c5e809121c849dc84b266184cc4d832af89bf9cbe51f90960b3bf01a79e9f866f1d1b011517100112430a416b77333fdfd4d353a26579f3b6d320fbfd05f4de83f76e25e8f2318217dc57e92568e1c819ba24d15249f83a48cf9f331bee59b20c7ebdc475b4059e90806ac11b1a661a640a408548a132abb0c07515b3910554c559594e5fff1cc1531e3a6f03be88afc9ecfdec059850c0912a18d3b74d0ef67783148714f361310b78ea87f8fe73003f890312204138785558f7cca29e5f175700379a250ccc3fcd479ee6574aa3be6618cd2cfa10d0eb94d2aedfefea171a4066323362663564626338646230646366346664383863343031623032623533643962346233653163376230666263653934653864376133333235326565396534
