sequence_id,id,key_package,created_at
1,\xa771e3e5ff97f6ca754ffd81171d1032059af0372335ed546999ac9e17fe46b5,\x0001000320df6f70dab661865b53fe8a419408b5ddca04e8746b6639ffec61be32a6bb8867207a70f27f77045b78fcd9a7caca70895631e3ddb1361ecd19932be0b122ef0b5b20a771e3e5ff97f6ca754ffd81171d1032059af0372335ed546999ac9e17fe46b5000140420a40303131373730303463363337333963313239386338656462626330396232303137393939653133363862393732333037636433653136376231626362323363360200010200030c000a0001ff02ff00ff01f0000200070200010100000000665a41100000000067479d2040460001404240403031313737303034633633373339633132393863386564626263303962323031373939396531333638623937323330376364336531363762316263623233633640401674bfec8d9499f77b5ce2c702861dc6af23c9c28d6951f65b6887ef667c630aefa8c1f7e8c04f6820486b7f226b3464e37646472d85a6e7ecc4ac5ce8a0520e03000a0040408a9a4cd0f6bc741d982fe1d83ca0fd8bde8e51b78f71625ca20f945612328983ff495bf9c2bb06774a958015e9cad71fb38d6053d5287b297d0fb6d3122a600d,1769717536098494541
2,\xc55f71255b6364fa8d3a63bec8c0b609e99421e262572bcdb3cf630300597039,\x000100032021da4ba05664d8e09bbe1939d84d2cf9b4a435c97cf1ca6a92eef459724a42482023104988654426c2b74121846758ff2f78143ef82280e1ffab49e03d74c3440420c55f71255b6364fa8d3a63bec8c0b609e99421e262572bcdb3cf630300597039000140420a40343965313339363734363332353733306166373561666130646362393237393739613466326330626232636261366663373933613664396366636364376132630200010200030c000a0001ff02ff00ff01f0000200070200010100000000665a46b6000000006747a2c6404600014042404034396531333936373436333235373330616637356166613064636239323739373961346632633062623263626136666337393361366439636663636437613263404036f51a6bc4ec10840e59584ef3ea17b750743baeb170f67b64f1568edc9b7faa76e147de7713d79a3791f640d22411642c7fae30a18f354179cd46c663fd710603000a004040201ffd49abfaeea483715f989a499f22ba8f4116f83d7897cd186fa684713cd78bfccaade084e83b421c5e77f982fdde95c553a593e9b77f23321d55c22bd808,1768106682413302536
3,\x6c25acb8931a71d684c5c95694307131c8cef89811ad56f83e9d93993eb59707,\x000100032045b1c0a1bb313144bef1604e0a6d80cd01e044de1b06f09584261dfd1b92e23220ce059b63d9e23f4b5cce1403f7e84a784d813bc9e32afdf848747c126f52e253206c25acb8931a71d684c5c95694307131c8cef89811ad56f83e9d93993eb59707000140420a40313861663631303835653261333161356330616331373965613332346434636333343933303335316163623137613238353663396361306536616333326462650200010200030c000a0001ff02ff00ff01f0000200070200010100000000665a46d2000000006747a2e24046000140424040313861663631303835653261333161356330616331373965613332346434636333343933303335316163623137613238353663396361306536616333326462654040fbf165c423e570851a9836da618c2ed3d5c8a300208ce71aaf2208ebf9938bf05400d6bc6a8895be166583904558b666fab2a49479a50a316c544bceaaa4e30203000a004040e6f06da3dd29ff13a9d124547686c0b4c20acf9b187dfd411fd3250d29bee410bab40cda75709005c37421514f8392ea8c1ada11cadeb17ad9b4d63424404f0d,1769454909811583933
4,\xef40b9aaed23b0660ac001cf1b212fe3a330da53abb85d3d09a4226d2e9246e7,\x00010003208e9fa32a43871b42d1426b1aab250ac08ab26979a4ec157572b4ea3f1f15ad3720ec8565d1793ffda68156a3f521d62cf286ed76e8218c4380108e8c6613bd4d7920ef40b9aaed23b0660ac001cf1b212fe3a330da53abb85d3d09a4226d2e9246e7000140420a40346537363233343061306135323862346330323937393561313532646133353439346531336232666337356337643437633362376130373930366461316665620200010200030c000a0001ff02ff00ff01f0000200070200010100000000665aea30000000006748464040460001404240403465373632333430613061353238623463303239373935613135326461333534393465313362326663373563376434376333623761303739303664613166656240402881d431cd2317a8973efc96be62fbf1c8b9264db538a9e95927fbcdd17e530aa6140929f89ac462326662f59eec0e1b5be9419a18c47e7be5e6aeda45f96e0903000a00404031c5e0740f028fb5952243e190dfc8d42c39ce48d78636cf8c0354eca35f07c9978ad09fb9aa5cfe7e3533d32fc9b46dbf2d7c7e46dbefc3b48366731c0c6b0c,1769454981017886553
5,\xd75c5e9374864bbcc7fac965387904fe9c8077923df923dcfc28ca9b726caf45,\x0001000320375e6d435a25d796e395909a8e959eb084be321f122ba45b3c57e6549a88c30120b6e37b8c7ea20bc09c0028e242fd1354e101c9ccd86e22edeb7878457a1a0a1d20d75c5e9374864bbcc7fac965387904fe9c8077923df923dcfc28ca9b726caf45000140420a40633036323665663663353363383332643531623563653039613562393638336136666631303837653066633734373064323766323661373738356231613334340200010200030c000a0001ff02ff00ff01f0000200070200010100000000665afb8e000000006748579e4046000140424040633036323665663663353363383332643531623563653039613562393638336136666631303837653066633734373064323766323661373738356231613334344040c3b4768b11387815955ad4337a112467745db39da3bd33931e28ae5ce68e026990845b17d5ad9539f8b77a079fbdd28646ac873bc980caf4d8c41dbcc876200603000a00404088481ec3fc6729c3458d9dd4ddde1dd1d6184097eca114735e797a983db6f3c767052388e84426dc7fe0399cac7a97bb7f21ae32c6c8f06478f513324f298500,1769456202580684482
6,\x44c5c312d970131bacf938a9e1140000be24c90371649c9df9001eacfc9138d7,\x0001000320f3886b64826e7a5b94aa9fa2e43558192e6884cfb7268d0a38eafb8a30cd7b04203c50ccf871fce2c137fbab9a7263b34998407fbfd64518d4e2f90bff558422792044c5c312d970131bacf938a9e1140000be24c90371649c9df9001eacfc9138d7000140420a40633330623235666233643032303361313532366261343864306633663733323132386133316333616536383139343262306564353266333436656131636135340200010200030c000a0001ff02ff00ff01f0000200070200010100000000665b38c800000000674894d84046000140424040633330623235666233643032303361313532366261343864306633663733323132386133316333616536383139343262306564353266333436656131636135344040bebc063da23e3170eef8ef9ebcfdf059b660e288d982630d1b91dc041dca3d944d317584ac831ae02bb3797c068532d10e1309c2ee592082e87afba30b2c780603000a004040cf78399e34d95d96a7300f51d40b46d1db499321793fe34437525f009e9466a5bcade7428e7d600318f8e88fd159dc0e9511eaeefe7d67392e0e9573a4646607,1769455714450774483
7,\xb8bdd05c9214d040f23dc6dd3ec100cad448ebf94cd2859db943d2dd3c97cf87,\x0001000320b9bb19a85865d2e951ce50dbcafdbec6da1f2d6bfa08cf3fae6d70f12030c07c2011189375735832f2154cec42fcbc7ae1b159a72ae93a04a597134820028bfd0d20b8bdd05c9214d040f23dc6dd3ec100cad448ebf94cd2859db943d2dd3c97cf87000140420a40633330623235666233643032303361313532366261343864306633663733323132386133316333616536383139343262306564353266333436656131636135340200010200030c000a0001ff02ff00ff01f0000200070200010100000000665c41360000000067499d464046000140424040633330623235666233643032303361313532366261343864306633663733323132386133316333616536383139343262306564353266333436656131636135344040081bd1a5ceba935a0c343549958f14de16ad8d00fe4f1497dd902a25fd0c61367ed2ebbae1ca1ce78dcd93797a704ed7f141b40e3c8709c417bc44ca9c98f30503000a00404057f94ecc869c335d1ec2db7293a4bb7f3709091e64badd76adb9f680c0f52ff1c13be1d406bddfa43982b9dcf419ab7451acabaf565c8101a72b66179f859b06,1769455717529097805
8,\xafe35c91f1cb7db284bcd823191be96c24c19fad7c8fed2cba1f74f36990836e,\x00010003208a17854ce2937bc7ba3a07f516ccdf6a3a1c453083fe5b1551d1562a2944bc4a2087dde7c27afca3661579a96c0defa8690fabba36001dc359075bc07f70031e7120afe35c91f1cb7db284bcd823191be96c24c19fad7c8fed2cba1f74f36990836e000140420a40376264626634616437366238316662666666636362313236653363386136656365383235303936353164663165373865373931373534346666336236666434320200010200030c000a0001ff02ff00ff01f0000200070200010100000000665e7f4d00000000674bdb5d4046000140424040376264626634616437366238316662666666636362313236653363386136656365383235303936353164663165373865373931373534346666336236666434324040ad425940aa07a54c8dd716a6b1cebfdb98ab2f39132bddb5ecd96c604261e814143981d9a685565ccf57493a9b087a5e42b00a6bdf23ae455daa7a27efef250303000a004040476be602f2d6fee5f90e82688cc41316c23d5d5b02c6859d6412d6078ba3298da04ea2d98ca608672179c13fa1a0ad379ab96eea82308f9b1ae5108095e5610a,1769717536098494541
9,\xbdc0534dfb95cb61ede6c6f6bbc4e820c4faf22f4bdf34ae845865320aaa5329,\x0001000320e6387ec26d697440e498a56431e259481b0ab8ade2af254726f275b931111d31204d694b1589f4f1030a6c8816c0a4921a260756006dacc58d99dcbec7328d2b1020bdc0534dfb95cb61ede6c6f6bbc4e820c4faf22f4bdf34ae845865320aaa5329000140420a40613565653563376161656264376166306535643939623762373431316439306230636132333034633138613061653036366561636563333537336636663762620200010200030c000a0001ff02ff00ff01f0000200070200010100000000665e804c00000000674bdc5c4046000140424040613565653563376161656264376166306535643939623762373431316439306230636132333034633138613061653036366561636563333537336636663762624040d19afceb7d6e94b69f4f3cf1e33ba046ac89dd539a9c0fad7ba70113e0e98e5f914b9477445619badf3b02857c291bc35bbf69967a75f6a7e18b3697c0af190e03000a004040be32ccd78cfb7519da56015785f9fceff8fed8ac2835b9f40b9866754c0c1387f4703e449b7c3431d971cb06bea1c298a971ee3e4a57111422f601c323333500,1768106682413302536
10,\xe6833bd80cbeb085d4fdfcb2590938f73e44c7644ea5dae9595165250eca2cbb,\x00010003204059c6bf538cf3e1eaa90c1eee0656f117897fe076ca09139b225873effa313120edb2681141e932c59f315b41de72791e92b625f6f8961d08ce4909962451140a20e6833bd80cbeb085d4fdfcb2590938f73e44c7644ea5dae9595165250eca2cbb000140420a40343562323132653063316130353135386364313161326266363164356430316361653430386239616332666630333062666234393964323665633937323234640200010200030c000a0001ff02ff00ff01f0000200070200010100000000665e81d400000000674bdde440460001404240403435623231326530633161303531353863643131613262663631643564303163616534303862396163326666303330626662343939643236656339373232346440400ba3b40c1e5992fd8ea76613a71fa4a574fce66eb8b9327ed36642a2dc47f8c579ee9cf4e67ea9114be8e9c0b1c3e53edcedf4c9b058296c1a32c1a4daca970703000a0040401b0d872df5d6d2062c5c1c9e59424c7f97f267f8bec118fd63a606140cc137b5ec03169c15cb3d83fb2c25a7d78d7defde9e8b1f2fba97c354e7c68ed4958c0c,1769454909811583933
11,\x8e6dbe0f2ba9e2af5ead6a3dad5d60d11774f0d42833df4e975f3f46a7c8690a,\x0001000320ee1668321abe1c257642579b830ea0abef8dc78023a6471d64ae13669570fc6a20642ffdae73d595f1b809f87c6cf5bf561f43b019ba7f811f57fdd53633879a65208e6dbe0f2ba9e2af5ead6a3dad5d60d11774f0d42833df4e975f3f46a7c8690a000140420a40393738373232303465326231373233396565333035336338623736653362396565663732343964616635623362303134663735303734613562386435343964620200010200030c000a0001ff02ff00ff01f0000200070200010100000000665e835700000000674bdf674046000140424040393738373232303465326231373233396565333035336338623736653362396565663732343964616635623362303134663735303734613562386435343964624040baa6af583ea04bc77e4781084e1707905f22dec8e2f14de9b70e6492dbe98f377b1de1ac506235274b24ed55b3d7c588c6ef6316ce668d0a9b56354ac294a60303000a0040400813348466f01ead9863dd6bc63e8d500b38d6d22d741ede197aa9205de2622a0f1b21db303ab600511252b7395fe9682d1ce8ca170c3b9530f876fe4ec77602,1769454981017886553
12,\xc485588788c1d249f753bc88894f5fba4aa930d1ca1ef0b66159c7f9eeb4f6ca,\x0001000320abae888210a091c68b8fd6feac2e41d1bae72b3bedec16113ce7b6a6ef0cab1720c501e104e80b914cd2903db2d7bf25e4a762dedd85eaa9fea0c982272a29e31220c485588788c1d249f753bc88894f5fba4aa930d1ca1ef0b66159c7f9eeb4f6ca000140420a40383838313737656664383162386466636132656162303537643131356666333938323033303066613466333031653662306137393661623262376162316138380200010200030c000a0001ff02ff00ff01f0000200070200010100000000665eb19d00000000674c0dad40460001404240403838383137376566643831623864666361326561623035376431313566663339383230333030666134663330316536623061373936616232623761623161383840409aeaddb4d05c049e0ebe7348d4d60c0d80f79f79a67e0681aba734a14e9afdaeea13b25a3c78740de7cc46e23329fa1173be37a58a9dd3c5214e6ee8c487430d03000a004040269240d6d4b1f46b9bbd9b4dc3430472bdf50284295768c0f68943ee807424988c6725f8e171091793712541e74094076e5fbe2f35d6842fa3b34c7fac096601,1769454140159830771
13,\x4b655536e6f7229292b3bbe3a3ca8fe65a39fcd60b99215a4c30f4948852b9e3,\x0001000320dcebcea1806ad0c02c0d508afbd335b56f51358a66a81a214cc405414dc71f3b208ebf2adb459e923091ed07466b9ad85ee52f72034a5a24639b312bfa2666cd44204b655536e6f7229292b3bbe3a3ca8fe65a39fcd60b99215a4c30f4948852b9e3000140420a40356563393232313062626232373532663531656539333564303234383364346636666538356538613565353333383265643465353031623431393661396465380200010200030c000a0001ff02ff00ff01f0000200070200010100000000665eb79d00000000674c13ad4046000140424040356563393232313062626232373532663531656539333564303234383364346636666538356538613565353333383265643465353031623431393661396465384040e4a54f17c80a8534681a88264d7f819886c484926bf4e101e468e188c6e54d74559365e004997c3cb8789d1a39671ade130d127c77b91319793bd29feed82e0103000a004040b58cd4c2ed900c5a7e7ccd6d8c71de1c5984fefa93e93093420ac5b03475075472b76a31f3d61833d46c1ca4699c4978bbf981f0c3a46d8e068e185ca336d50e,1769454140284804479
14,\x912882bb7b6b3c2cf9c0be376db03a10bc567f6ee0d59b1a4a8686af7f5223f1,\x000100032087fa2d1285e568c0a9bdc64a1b55e6d8fec6fa25d5fde3b02a982a16c6e0141120633d90553509180f983392341228bd08991923a404b24abbc5bb3205472f132b20912882bb7b6b3c2cf9c0be376db03a10bc567f6ee0d59b1a4a8686af7f5223f1000140420a40623836303631343363323664356536333564643764303236666164383533363161663230616462396537316665396364333964353665326239353638656139640200010200030c000a0001ff02ff00ff01f0000200070200010100000000665eb7d900000000674c13e940460001404240406238363036313433633236643565363335646437643032366661643835333631616632306164623965373166653963643339643536653262393536386561396440407156ca7afc10c0acdaafd761fe8d78f22276fea475669cdc4ef82a2b50fc6d1c15957d5d8e36d3609b52672ed5f5f399b562e1343f3d76d8f2bfb776ed1cd00203000a004040452b3f50377df1999e11dbfae10557d13a18819bbc9b950c1d9dafd9361c308ceef30418167077879e58ca00d763c14734b5fbbc8caccf63b1de6038b2f64f0b,1769454570361100835
15,\x7ce29e87861cf9c143b5b9ec240a67e6157bf5990eaf06dda2b706f0c0e8885b,\x0001000320c35aa9f2387c48d2b73234a4d2f9676979772798d9c56892383e2a0717536145208581a3d3b757401c6826f73b5b650df74d0b4ab6b46373c4ceeea01269440d1f207ce29e87861cf9c143b5b9ec240a67e6157bf5990eaf06dda2b706f0c0e8885b000140420a40633633386531616461636232346261353033303863646466366361393030626365393331623136663262336462323165613939363839626239653665346630320200010200030c000a0001ff02ff00ff01f0000200070200010100000000665eb89f00000000674c14af4046000140424040633633386531616461636232346261353033303863646466366361393030626365393331623136663262336462323165613939363839626239653665346630324040b42a569da7f86f9e1a46cbdeb29f4a36d87c99a44b0ef68e1d189f7b5af8c7edb0d64c8808347b270e753148aec6b260611e7124782eff935d48cf80bfd8260603000a0040407cd63665ce78b6cca3cce605015aa6ab737ae7dd079ed64e5830179890899591623044e08b430a91532ac46f926c305fe5536ee4e62424f91fc1e43af9ca2a0a,1769454923361670912
16,\x4138785558f7cca29e5f175700379a250ccc3fcd479ee6574aa3be6618cd2cfa,\x00010003203716b0fbab3e88c83962261e2b68aef0fc72d30ab35cff6459247dd3d89c2a52202e2e8ee24190e894828594e12ff75d6ed2e4557ae879bd89c48bc297aa1a7f7e204138785558f7cca29e5f175700379a250ccc3fcd479ee6574aa3be6618cd2cfa000140420a40663233626635646263386462306463663466643838633430316230326235336439623462336531633762306662636539346538643761333332353265653965340200010200030c000a0001ff02ff00ff01f0000200070200010100000000665ebea100000000674c1ab140460001404240406632336266356462633864623064636634666438386334303162303262353364396234623365316337623066626365393465386437613333323532656539653440403a123d8c197a72bff5e43828d58a2a617037beb7e51f5a9b65fae989be5b0fbe1ea218c776da8d7af5daafdc1d84c2a8780434b8d6bef0737451ab8cf8457e0f03000a004040959c94f1495e5d2ebb4591d88871e63527c6b5cc989271ff6c6aa5f97aaf749c263066db59f45bfd133e883d233308e5a91a09bc4b3875b06bd77f0d4dee1602,1764026969859689454
17,\xd306adf4e71ec366791ba00610485d9c053242378b2ff969973b6a020b1c2beb,\x00010003205e9015192ada21980bffbdac17895da50f185c09c0b0e265de77d236fccd944d20d63f6dfffac929488f8f164076f1b6889e17fba2c6a94073726b209600574d6b20d306adf4e71ec366791ba00610485d9c053242378b2ff969973b6a020b1c2beb000140420a40616534626466666235373862386137376137373938376139306632626633633162366332626666303339643031376361646438646636336134663064623833620200010200030c000a0001ff02ff00ff01f0000200070200010100000000665ec44d00000000674c205d4046000140424040616534626466666235373862386137376137373938376139306632626633633162366332626666303339643031376361646438646636336134663064623833624040e433032b757b2fea8c035c2bd0b5b78a1a697713b316a408cb57b0256dda3a002fdf4f5d90d12cb766eef9cf857d592586c8a44ffaa69af4d8a5b9329c170e0b03000a00404036d5935bcd929b6929db9ce77f4a003fc9c2a096fc446be4c6d9ebc7d63e2eaad25c4e3e3cb18288a351082de7f75ac4b36c74c50affc8ac33440d52ea9d3102,1764549940050945657
18,\x2f646413b20f5fcad396918f6a09e8fb5a75d9963df6a7f4ea737b9a790fa869,\x0001000320d6b2d0402ff1884d35940d8e0c3d7937d23eeaf04039363145e5567ba893dd7a20af486a519e0ee1701b20dd5c934093f0ffc379b36a77426976e17b56c612344b202f646413b20f5fcad396918f6a09e8fb5a75d9963df6a7f4ea737b9a790fa869000140420a40363238353163616431363564376138633237396462343033316239636232303537346438383238643336613832366464323839633034643666646138303035630200010200030c000a0001ff02ff00ff01f0000200070200010100000000665ec44d00000000674c205d40460001404240403632383531636164313635643761386332373964623430333162396362323035373464383832386433366138323664643238396330346436666461383030356340401e787984ee33df37ec534f7ca8a8299da24328bb87fcd116a8c71c83adb6838ae780eb68b61fd0ade9821fb7ea5d75615c517915f9e80af6070b7434d102140b03000a0040401be02ab1fda57f2567338eb6d08250ff0f81c9d8d3addf2b275bbb4ff55312d324c870682dabdc97ca5483c1e64e66f342c35c3b1f20562a76a1f5b27098420a,1769454224483627173
19,\x6674dc12ba16734298f3487de181111adacc11021191b8791288e39784b10d28,\x0001000320a41f0ab7ce4b2df3fc3857b1740d9292a3747d63f9372a6b49eb8b4dcb501c31203fc8caaa6de67ac0eccdd357cc779a718116934ac59be85f8a06adfeeedb1273206674dc12ba16734298f3487de181111adacc11021191b8791288e39784b10d28000140420a40373936383834316566386430643534623736323136633134393936643163636132303237663439633433316539646262393832303263303065303565336462380200010200030c000a0001ff02ff00ff01f0000200070200010100000000665ec4b300000000674c20c34046000140424040373936383834316566386430643534623736323136633134393936643163636132303237663439633433316539646262393832303263303065303565336462384040e52e651954fd3b6e02bfba98272416465b1c7a5f11cf558db16b9b2a18ddbd5e9e7d21591a170a517f27618ad8fa2e2b82c53c7f3b6ce14b0b08ec5ee6e2780703000a004040c8ae460114aabb3520bdb4cc80ed4e4cc9e18d050b5157bbc1aece11ad1b0381add2f5dadc86704dcb80b3265f09e04615e88942c42bb21bab088697c7ec5e05,1769454693116376029
