id,created_at,installation_key,data,hpke_public_key,installation_key_data_hash,wrapper_algorithm,welcome_metadata
1,2024-06-01T18:06:33.006Z,\xd75c5e9374864bbcc7fac965387904fe9c8077923df923dcfc28ca9b726caf45,\x203fce5b1ace18f73566db970c0bf670f2a81dbfb52c4015a67f3dcbb4dd58640e462066e2de19ecc327577291ed91240bd9b9dd8814adc29976fa86152682454dc53c63846dbb012853fb4699bec631eca26d24bd2199850d6f68220978681a15828b1882bce01177927176cbceaeb36d91948ac67cd396e2bff85d912617cbeaaf641ad2970ece57634ed8e265e4f49ce4e7511d81938d3ddcb6d2be0903adf783414c16c207a8d37743b109403f88a1cc5577401d5d5968f44c604fea930a4112badeff9a8069646d141ef9124627456543573a0decdaee13514434039b20d096d0d98db6a1da2ce6e44ff1caa3c444868441dfe13b1fda0c32318b5170546a4efcf3bc737543f9219223aaf89df8376e1ed2c93cd941043095883ee559ca74cfbc59e6c72587871f6cf505b08cb04e2e77f62fa5d3e29c29b4784f5b88ef0929ac70d4df99d52b8be8f04c1e166434f466cd211500aa99c23aeb18bce343458f9167f3d7cb73ac1caba4e719efb446133a96e91b0d7ff216b160532db9446e5e0157f4e1b48a9671453444c4fdf4e04c965d0e90697f34451cafff8460bbc5e673548dc61324e7de8d8f784669b21f7707cc202c96561a668fa5b92a260a7c102f16f322497b3ed70648c7d9531743a67e67a751ff0b47d056aa1647967df63315909a9520770c20627577952fe96d5c72073ab9b2425d8342be5243ff703c38e97bfdd4f8ccf0bfd69f8340f694dd5db542d8942420e6839b43a7c4e4acda3abaea45255a17408c3a18cca361b92ccf6290077610ef7ac00fdf02efd4e3fb6604243be89b2097aa0d118e1ae16706ad74bdaf2630463417ec46d7f722b442f7d50b827da1455e5223e9b11a415be0a47a83eaba5cfce4af7ee46c6c17dd0e925598006818a7fca78a6564170ecfcbf7878c67576edcc2f9b35e0781c6b383487f9930cf5dc7c6116ce7d199813972ba0c8c30855c71cb732eee1eeaecf51b4a24653cc3dc21a8054aa622e99b5ea2cedea3c81b0250f16b230e50f52af103c1325d25439c296bf08d4f193dfd1b889cbf287fde8c023f6d013947e7c3f66eb3c9de0d63b1780fdbc951e04230ec77627fba82fad155ee55ff5f117ead7d70e8dc7937f798a14aa27ef712c98da50c7db8ed5f5a29890d4fe5ac3f840cad38931585b9e78a31c0ae14bf508bcbf88b1b2582b1c9549a0df472ae28560cae32c1c1c9c11ccf5af48872cde74c1d6552574f526374eac0f8ae8a043da25754d08e1a3915aef2494982bcfa9678f1b5fb8411049ffbbcdeb3a104591717d99b3559b73c693c5d72bebf765ddc144377ca292858c09afe2491cb1d93b877f52517f5917bb9e652ccbebff12a2ddbcec90fdccc474368f8616e66a7b3da251b07b15c3270ccc75e9c62320b80349c5b929054609d08c54087b8c8d50ca05eb0f3b21aa2f294077f5b40ce9f0663bda9a4dee2d1e4bdef41972edb9b47f831caed6470343f8b4d1e8d497d06eba4a2132d66556b00affdb777c61eb1a262b2b8c5ad9ea1dd167ae3aab50ed146c624666298013ee00ecd09d0d6872ceeb5886b7cadfec70ef4dba1754ffaef566209b80885415bfc71a28adf918b9de1121ba812eebd04dbff0ad3a665f336d1dee7e0f4a13f9b1990681e24685a67f38bd97a4482c4bf4c4e1f33cd47500942f9093157d553d4c5e579088e9a1440e27ffa228cf9219d54866e4199913c36fa2c97548dd112b4b774ba82ff167f68bb2912804f771988eb155782c5823c819598f654c8dc2d124ca14c84b1031b71058b97153d17441c4712b9efce7a34a17f89a78a6bd51b2cfe0583e7cd2d460be69221b1139fd47dae78bb10f4d151bd9166567f53c7c39832d3e10dc268df694e21ad40b0123a56c5460fe8b47526f0aca80ae2a384e5695b7a29662e0e9c317d0041c5a31d00366d824f20d4857e8e71ea0833f11e8f541c8c454096cabca554d1c9a59747a364ff71b10009f0c671ffc60765f53f4b04c2d613f7bc2b4e3ecde14759666b8cecb1e2f4ee9bd565730c08a504a1f68bdfa2360d6d16f9ce9856d0536c27b18565420a7fb0c4dc7a51d8090713a701e41d341a10ce8c10fb498e9ac6ac1a1bd6d0a93a8f73ff2a6ac51d0d3e7b4553596f487079ef338d2c075f79855f1bf2c1b970462515fc480077156992ab8cb8ba434bf7a5099790e347aed5af37a5cda598dfd979c7d0a51170880a39f829e6325b3a1a44bb2b35a9eae1da59c40cc52cc8,\x375e6d435a25d796e395909a8e959eb084be321f122ba45b3c57e6549a88c301,\x79fe353e20148fcc045148bd750dffee15876649edc06e5e0bffb57b8aa074c1,0,\x68656c6c6f
2,2024-06-02T10:55:41.203Z,\xd75c5e9374864bbcc7fac965387904fe9c8077923df923dcfc28ca9b726caf45,\x2026043308cad17725400a8fbf6b7434b9df9d7e5d795e1a6a554ad6174f944e29483b5e1497c941cb7718d519dd7ee4f77e1e00a9c7817b0b4eefda180419589edfe9f4cefabee4bbfe87ed4663f6714c22cb82fa074fa6f476d0c829fff34c378800eebfe2ac561d83dcbc776870e8e545c19534292e928a71474b01c6e0826695f552a8ebe4e1ed0a33c30289a64692f9e5eb6c0eec2f2ac0d351493f75a1bb8ebfad1455013ce17c5472c1875297dd0a50ad8fc8f48b548fad4fa317c7c8b4ad01eb6a583bbfc1e1f96ff8d5ab00c95040337b9af8405a2f75712fd555bc89338610a55dcf8d22d97886519a728e58ca8a7693382b4c1f3ca2172463903f6c8152b03cc4110cc82cda742494f711cc3efa5aa86457a1c40268ec55ed68a710b6f36fccb72a376f6bb28f01d74b723709ff68b2e9f40d18b3fe9a6c5e2a7575de89ea2cee8b4808093b92441d82bf1a7196b50bad79fb7485e41b499b48ef285557534c664182f567ab69f6959e242961fea119895f4be557930ff2dc2d5337f7155418368fb52f7db21f2b68e9be1429f576500eeaf60eb333fa32c8eb92344cb18fbf8e1fe8ce0751b22896ece176743af99e6ee2ae302e8af446910d511339fbb31feba9b610f5e78f99fda2fb20012d38aa2a10209b9c460cefd816616bfcf7c85bc0e5462ccfd08a2a885c3730c33cf7e03249b3e1ea5b947bdc1d83315b27cac5551a7cbeea6fa6210a430b3fe4b8156824c93c1bca9ad3240e72235d2fcf06918c5604f896aa4c0e44f308bb69634ba731bf1117ecf52ae29850e6a49d6d5481cf1da2ba3d0f62d092e1ccc78de43bc1b0c50dd57e7c0149ab91c2f1b3b2c8aef545d3d1978f8d7091ca69a53598af379918344a7542e5eef437ee66c9efbe353f924d6ae60a0f5d4ac6f6b947b83748e505eefcfd676ae0a9eaeebec73d36c618886f55f7eb04d550d11db303be2e364fe8332e796459c444a438f7f3217e6452ee6ec10fe9559301e4b1db4cb9ff41838dd087e754b82664e11b5beb707107d3d3f8a3bdbb8be1261cb307233a56abd95c2a352ec33542919037269a3ca7199bd32630473af6f99e1e215c2c2e8a8bead694231b37f0f42654887f079d3e75c1961f0bc8c688a3fde01bd7286926a7a85cb9ab51958cbe6b17df555ab016cf540f73a29630cbe856cac13c85d8b5e5fa9b53d8237260c8c5c94106dd5bf83802102c8ba83d367cb43178d1a0030c6d28c51a1b4c82ba27cb97f733f9356b21b8e6c2aa57b290797b00a696e1b73e156ebd528f240330e9931b63e6fc62671ad57d18233f4a116ebd7919423a3027f2a4a017253a98a229dbebcd0c8ea657e7964d6f60ce9d9a88a3febf64d34521a6a675a7c6f1c5f0855bdc966cf28fb63ea89a28dc8b49644071500c45b8a00ef6dfd61b3a02832fead188f3a776dd8529964906e9e3866ee1372fd6bdd97a4c5d7365b6a923bbb78422152605e7aa6c551af9b243d23fa4e561ab12fa22377cdfb37571754005121d83fe5e3759c29c488c7d66ce3969aae6daffd41ca716dd61dd76219df2750f3a04a10a6f2f1369d77b5e1b0f9c4b4cf1c7abec856a9413744bde73226fd22a157f11da8d6e95dc5b29c8054b76710672bd4227272cc0413d197b2145874355721ca2f08b8aea55359c022c14839a75e7f78224e1445e57d3ad4bd96c7df7f5ccb0cf3f4ecb793097a951818fa7f2ffbab607fada90ab4fd6f5f0735bb0d984bfc09202ff91db4558f7c2adca7a00aecd966a77ea0619a8442195456895db99207735f015a14f7da358608636ec3000322fc8f3b2094066399835efdf4d155966b8914a919c5c3be1f027dccf7af97fad290e01dac0621753cb44d385fd1d5b1930cd9efa27e6be328515527caf1dede8aa06c37bf9b55049a888dd4663291c040c64cc1acd12819603392b159a6a745e01dfe2138b49a61bc3b51e7cd7346e2bcc1ad14766110aa28d05e0dc5ee882033bb53e254fb4450b3ee1b5cc332b963750e02aedd6e676dd9958d240321654862f0933127963f19d584499dc41ca94184fcfac553889a84d4d09019ea22bb1375c6941c151dcb0e6e5727705f929ecad4a6da468ec2450889cc8181779aefbf267d2edfea986565ad31eceb4e98ccbc26f2cead26457758ca90bdc6b45d7a86f7ab0afa928fd0e3492bbbfd0ca2ae586e822fa43aa9a7626fb81f3a8c628b2f816a5a5e1a01c8f5129d5227e1e701096f15ee82e5b01a78614492d0631bdf9b890960219fa87a5c7b970e825510bde0260c96c1567427011cf79f87b5cfc64e076943bb8d7913721c7df92779df7788ce962175a6bef16a4282fad1dd9e05bada61f6b31e3237573c66824ca2d9dd11a85837d53be8a5c2f07363b90b08add673a64075581b9447bfd3463cf58da07d121601fc4142860a635506badcc899e3c8fe6e920df741ab0df0936e7abeb4ebfebc382e2cef185bc27c37838e63f29a38fe48156556f67e8c14aa87c1f738f0a9cb1c52fa840e379366fab1b2a9af16205f4a849e096e836b4e8ab2b8f500c99c4ffeba0b72568da75754bfb3aad6e5b44f2535e276545638e83a262148827b998e766d394cbc32e9a5210547b87bec13948f0ac464c1cd10cd29b38766f193d3b93f55e6a7a8b1bc807946ea4e8b827c759846cd52de55f486988ef50c72e35837c8b9844ff461f451d0f87f68d371287ea1073bbda02accde7632bf84f77781aabf7a3fde63a02e7bcab759306c47240c90d1bf9916bb344554a7b764c1e7d00af92b26b3ea8ca40964dab70a7d590dbcbbe5127cb6e7dfec125e9249f24c9f7d601d161a4de0579e24e5056c8184a676e618ae3c9306992dfa119d10f7b91db6fd477c30b28947b6779b0c946866ff68f85ff5e66b843100ff058f85cf6bab5dd9161b47cd337c47920fce3be4b797f5fecbb30c909e04aeee22cd7b88765512058c05461c177bc00294f8bdbdfad5b58df2135d4f6b7e98b4a51cb80587076,\x375e6d435a25d796e395909a8e959eb084be321f122ba45b3c57e6549a88c301,\xdb48f7e02f7dc6f6229973116d3c42e56b8eb4c0d65a71ee1a19c9b886a781f9,0,\x68656c6c6f
3,2024-06-02T10:55:41.207Z,\x44c5c312d970131bacf938a9e1140000be24c90371649c9df9001eacfc9138d7,\x20e7b1e2402b3f2de6224e8d93e39d4eb0b83f49a801a1b2fbae9a505329927733483b6bcf6d8e525670291a05e40078d85efe05d2ec64dac9727146d5098943093a63f211b1050b02ef68f3a1680a50ca6d86aefff5bd68b1d4434c381152841c34815a7e9a539136f887dd9afdf117a1bac6f64813214e5472261e54c943821490a2e28bef786791a4f182f58bb8ab53faecfcf6fb709953eec59747dfa59530c26fb9ad05cf8c09b88c53bba73d2d6adfce09c65d51fea739ab1f1fe8e27ccbe3fa8c7546b0ebf6c68ce3e51555b9d4ab46a25f02071c38ffc858a6b9a536aae9942686de6cb2c1cf961cff450da5a47e40382d049e80a889d0b5f5525139ba4a31fd2d5a9e409f0e45e898dc337a55b235dec89e2d5b6df4643f5af4260f229f2d364ae18e0cdb863a3c400530acdb6924d7a5ae0c8c4fb00caa2691a8c2043e6e5df67e1607142f2d13e8d6e553bb09f49e2820ae4b56348e0d65f5df6e80415b524c24576efd18514e078aac686a7767b15b6e5887febed4d0b3a76eadc7eaba077b285f33fff36cbda2f96d78a61090011077ef980a13bd9c18723cd5a9fa775989509587a8a4dc49027b082308985fa6a5615c1f70a2b07d995700f3fd5afda973fd2ae61bd366839de466d654397e363cd56c3e22ac2cc577f9c152dc2c48f29718817bb819b16fee0993ebd59acee6c84c9b35909452330382dfb7c3fa4eca6c411c94da707d8ef7efb4681759b2238f3ed07db0906ae498371363d3ed902cd286a7a8617478334f807dca199e137c94f6e802e4f27b614350bba22368ca52343a7e6358d4ae558985837b8bd14a0941b07338d8cb957ad869e8e1ee276c9d6396ef6ec4b77cc72047328b739c1f8960b2227d6875ee335a032b54ffd1fe579fd47dea14ed3a9e1d54b52f31eed73eae3aeb52b32906928beeb9931e288ce2f0f4ec9ade86b49870f5e1ab5de3436981a09370a496f5871587b790920b5c46af67291f7f9e202abc83ba59dad28bee50e6c09a89b4f7d09d2aea5b2d88a80fc3f49118a50e2f30fbdb77014e6f161a31bc66844d654bb5fee0426983284a9a82a3b501b7ceb7346291cc85ade324b46cfbd44a45ea1ec664970f65460912c7bd917981bdd02ebdd401e574f20d4efce87e6bb0b4acde58a8226f8924feba8e25dc07e9aa3029a022f20e4aecae6cfd855f0c2bf0698ca20bdba1b97259a4826f5dac359ea9aaa93a5a8dba3dff9cc171bbade9b5382e864b66fe26ca0a14a2dde3c3c6d35cb5a1dbdbd1552b2265e6d234ef21aeee37684ab7a5e719c8f7d97c1146dda8e77e08a2ca6498f83e026757efbff5b70aec8575c5c5eab0095092b4f4ea36cbaacc9494de94a2c6204c71ece9cf5e6985337e746e532cc67ccfdf39cd35ddccbef8ccd6f1fd315fe03211d977984cb674f37a4a1f480b5813abfbec1ddc8f11e316c84a1d496283ba76d83fbc79c4a954190f9af5448447c7ab26c2c7cbf6b5463350253c6875438c6cca3837268c6b73ff7783f53cf5c619c32284d5aa0fd1810f7b9ffce57ce26370b3bd8d94890b5873b47fb971acef6ed0f84df9e385deca688d81fd1d4a3e0304f36cfa456c2bcd32f8593d561ba08c19701f22907762e002546ade0fd87416dba4bbe76fd9e5ea5494883c8843e12a4dcfab8e504bf38fe7f2bf337b0b15c22d18c5ebe26be0405672bcd678ca83b4d5bf554988e837faebe5449efe79d67d11831572366c764943afab92f6f689484d9eae502bcc85531518621acb302ed5e70b9faea3833cb7bc299d053d6029f8f7ae6ada90e20c09509225daecf1af3646487c4eea0729567305f49f2c802f3f7c496e89add08a3da10f90824655fc7b15665dc8acbe323bc78626b172fd0ef528aa41b8c6fc73925173e37e4abcd68eb9f41d67ec1d4d9e5f79d431cdf006505159f474dea8561c01dfe619c3ba5d8dd2357f22029582bdc281e1f7d252005fe15e912ce84ccf9bb825d83e76a37feb85d3e9a08fd117e2d9d9d33facbe2a724fbe6891210302cf694e892c197c3129fecfbe49e2af5412fe91823d7e7702ef15a3c944a34fb1000891edc75f122ba3683ac9f4c4b8e4d6449373071a2e15124667252e601a9bf2baaa59577d3a35f73098a5243a526dd5186c38407c02d2524d768166316d446d470322a492b087ec2f83734f27413d67d1998c35bf699944ddead287771929b0ee252afffb683b29427a68b314a3424b94024c3bbe7c3e667dcfaa94d9e533638f871956af1d3e55fb5effd41387db82bfba262f459dd63f90ba143b3d13ed555fbc38e3d842e2d1341245d83767268b0dc08c89b4416b2a5cb47e257ee0ca2023b7f285562084fd3e08a08e8be317fd0527320b39e57e2dbd7a4cf75d23f8e91b889e93a34f00c9ecf75aeec3773f96c2ed3deef1b47b56067d023eebc8e675fb98bb9ef562f2abb3709ef32084f7665ee40b29d7af0ed55548d84a66c077370983b70356740ffd180e89583f42d7b5ef3a59ae773b4a4d5031c1b05783820fb02dbc1c8e88713cc02b24c1fb7056fe50266afc998d3e56b044b84e2da36fb0e1130d26635c73b5a9332f8108a545bfefdd7f1e81865bc6ea7c9f1362351d5a38ae0477953c1736496a2361aece4fa52d1837438f4523d38daf422919818707d493315b4c6186131a55b9082aa561b8eac8ffd2f0f8ed08962bbb755cc0f2d3d5f2e60b75f9596775bac5df7d64d01f5a13012af9e58c41206807bc56a1b166afd3933de7d20a05d5e1011935cd38e102a9e8f440c196219ff8f015f68dc929f4b6a68539c5d16b1bb96000e16080ea10d3e48199d948d5ab843457ea2a81a28b77fdc634effde17b560264f8e8e7e01cd2dd72e0ad19bcfadbe2cfdb847c31c0950f597178c96df4d63999f7042225d9b806f9eb26fa3c5b57cadcda645a90b0b6e81a2becc3ed99deb23127107a0808e019f6f0a36d3651fc1ab0db9f88c89ec2ebbc3709b45cc39f08e57e62aad79407dcf9,\xf3886b64826e7a5b94aa9fa2e43558192e6884cfb7268d0a38eafb8a30cd7b04,\x6215be77db616442eaf05bf0880f1dd9b74255ddf829a8aa68e5508f7055fb19,0,\x68656c6c6f
4,2024-06-04T08:13:48.065Z,\x7ce29e87861cf9c143b5b9ec240a67e6157bf5990eaf06dda2b706f0c0e8885b,\x20321bad2201d19d755fc5369213f2113cea79e1f0d5fd5f4fb7822419dc39a4794620f70d661c8a470cee0dbd54ee18caf74ff12cc234dce5cf9853d6bbfd128ce3d78673b7a41c7e765523cce24b0b5ba5df152570a4c7bad93cd0d2a2398eaaa19b3c7116943036123711ddc7076d06fe1fa1d0f2c2e06a209a8331e3b9f54ef057ceaaf4a165a95908a550f6c1eda69f92141d0027fcfbf3c52786df3db32c58f8784ab7154499b17b39d99fe5e90aac047ecbc0be2cc60742f60db14a952c7c6565719aa7ae582316d645c9f7f0cd5935685d2bedde9e5e121e0aa9a1a920d87b92db3de4bb9f8366f41e1a36ead6ea48540759e96567eba8290a5a7eb9b0364669d2a2dff4a9fab7020b885047d03c41ff758ab95a3deb3481823595380d04e23609642dd50ccb09eaf1d636d8e8750de615dc8d69baaa7730f9dd1c91aefce81eb0497461f85848ae65ec4d61423a6f61e6950ab872ab251e78b143e351c711b0890e1fad92cd26a368875c6f960fbe7bfe0041222101cb611025bf912ec152d950fa0e7330138f1586a80d062545088c1f59277f3e07a55018b4dcd0da8acd41b871287d210a93ada94195d8053ccb1c65208a37e42887e1dc87e133ec1155429996305867c6ce8be7e904885ea75f9d3a796d3996719dde9d7ba275cd86e32138c0735db2f8518db33e3f11d8dfd391eb0f54ff0fe8e23861bd6d02ed659912668f661a5fd821b3fb3958527933f8ab124d19e38fc03ceb8231f0f734fe3e0a06f74717644b6c76e8bf329b6ea9a9782a88379e87c11682edd6001bca46595023187a9663a62c5018950861378337187b648e63690bd90e84cf3593637f0ccb33f1c38a7bed35ae1ef9addb798f0177bf15277d1949cce8b92d9020cc8a0771a5bfa38642a784eb9a0432f992a8aef7f4fe40745ab63a495f890b739a94afece9eb77caf905f4fa74030eee0ceb9940aecad87e1f7a759f4b88e885cd082c03144d62a9b2a803e04e8d27685ed01b5520a1ddc4a13896fab20ddd639adea4118375d43266ccd8e7f76f289563ad6bee8ddbb7885fc11a569a7a1859055f346f4d50bccfe50374cc7e804a63990e96dde320dbe364036efef510e9882d94383c3e265b086b5ba13b6e91fae2c16b261f9dbfa7645d98ac89623ab421c81674294eafe7092a5b411d0c05365947bb63b9c9d4fae2e899a60838a561650093f658fa29bd7934161d09df303666882f2b9bd72713c4e356a4a823604cb8338e6494ad492e028f5de07e61ce02a6d82b60df1cf95b43cabe2cfe038c0beafd778861be4d704054c11dcd50bd24aead66bb38424e83dccb364335a012071ee0f49b84052cd094c088eb693f69b1e219ec379ad65debdb3409fb6338b0e5cfdf8bf86881abfa623b4a4aab6b71fa1c2a76e69362bfb03557bb7e432e490e81051cf1ba59c7ef4c3613644d927d820c334c0698c4189af39f7abf2de5db1fdf75e5d6386ef4e4304316b866ef6189f97faf001430da973654bb5ff658ca9d3f3be9fffe46325a250b2e337cb7bb4b51fd7c75542d2edca4915466a6daf6354b4a9c8b3b4d87909baef89c988b10d71ce21e2d9bc79b9d2cf6bc35cb5ec4d5251a9ef62d8c99a515f07b57af52d83ac23a627f28076cd123d405fbd8f83e405d7c4b39d8c931b5c2784f24d19bc030f8df14a81551a46a9497ba84032c341642e3a01ab4715c61135c70c902846d6361b84795bb7fe424b60a32165ba62ffdd9650c1f159ec442fbc715eb8dc16d5bea5c432e9dc384e8740ac7ee68340fdd2adfb8ecb5aa4ae2ba14e0b6c307de19ae3815b4794e31a29ffad1c3758e8347ebc90337ff13b68985ce87dc2a6e3da07c766f07293518f6673d9b16e328bfffd9f6470cc2d6adc1d7091d1704e077c018501dbdf40510a28b387a105d4e62d10d3003e3a8dd4eff56fd12d758c6d522537b491489a04154a920b25d4917d3a24776f1ec2aeef59c71f32788e46a6541ff2682e1901fcc51df5caec517c8aedd68d3c8f3ac7127c52532c34eca6e0315632e3d867e001e2807da4e29cc762978c937538f2ccf806a59881fd53499449ce190d315874d8a05803409969253497b98c44895ea9e682f5e72f6111c473c7effe5ae91bac22bdca7353dff7c34a936e178adfe5853874a4c782489a1f0495d8537a21b099c491f620d56ce6afa696b7f75b71137c402df642a52fa27dd09535af5c2a81c9499f337a29b59b76065a488ccff84,\xc35aa9f2387c48d2b73234a4d2f9676979772798d9c56892383e2a0717536145,\xb16b5e026568655f495b85d671c201d6c63dc1c36385d5f1ad6093d159a3e272,0,\x68656c6c6f
5,2024-06-04T08:39:44.704Z,\xd306adf4e71ec366791ba00610485d9c053242378b2ff969973b6a020b1c2beb,\x20c1815fe2b11af55eb0fe8f324f31a996bb5988fcf30dfc9fe1d68a43c0c4416b4620e04c5e791ee2044530a450ef70fe46ac18446d8a442726598310d36e214680b94f5447e59d182d7c9eef0286afdb24e899f1dc22140067fc9fae87023d0b1a19c7b856899dc2ecb29d564062342de5acca2270fac4a0e045bdadabc71dc71ce98c1689b24494a6209dc73d4531287a72740573d70970b437479e4ae03d3fefd9cd5ccc57e19c2847e1eaee36e31390295a8109531237cc4a9f19ae7e5f36e8362ae898d46a1db3db658825d6e3d4b681c7b14c4a6d9a26182e5b79c42ae5253b027bc4c99873a1be9b73b01da003f5c2aaba11e5332b83570c2cf03b7d10762d5ed340065d8291930475a0a414ec19d2f6ddd920263d77658e6dc066051db9efd0fd60eb71f3c09c5557750813b8090f18f9dfe3620f5059fa2b50893f9de89969ace14774a1f26dd630e2e1ac154e6da445728dfda9301a025d9dbfb0f56fe45745777bdf3bc90450f919a3f63a82cc25d177cb66b1924be64e387f80b1d7658db4dfd3391df9891e0a5f482f38bb9f6dab21a4cccd842637a765e618f7ece2893c0eb02dca86affc432ac0a9f23e51977b9468b7a63c9389f582a8992d6ff2d8facc9ef2e0c230c7795db7c1b511f607d2923e28204ab5ae709e3cd3449b9e1e0a0fe9a8a7b8876d2195fef8ded171f01afd3632a6ca0c180604052fb1b8cd7f022d59b565fcda960c1c915edf0a7279f6930253e9db44b66047f7651bbff297edc5f45d512f4d14935f96a0a5cd3e405e9ceeaabb36444eb435e2128f02b6ff50b3c22c49b419306a274e0c8d6f1f02202c939329834a9c16208f013e689d3c0d68c401e39bea1c529cde97cd5177c008b3ae7a394e9a2d0d984a29e156fcba513cc56ea9e0a68cec7ce2c514674869ecda6235f25427d34a0c1b53de4b2928f8ef23005ca22c635bb139a18f63b2f41d7fdd7c047e7cd8bc2e393b68d9a3cc4a208e00533245776e9f161021e449bb7a7dbb3455ae22c704eb90e3dceaabd30d07c8e07b2ee2a6347296246ce8f7fdb31244698855a59db3b2fcf6e1ce09209574022bdadf8cbd37ca93d256d94e7d6920f4a92853a055382f64ffb99991ccf2a4dd778eadf22342989fc82816bdb637755212666be42ea6554cf24b90a6aa8077cc6d0beb912bfe459567c02e188b829d92b92cd4b7be33eedf0d2b83117889768b2a148fada82d93e67e89b1ef198919609ce5c7a8830e09d1b53a85f172edf0038313384b43830fe058a644fcd366c13398e759992a27c3cc5ecb2860072d72fbc7f1f54b3343825f164afaa0aa85e68df785cc5471c686fdec988d7033c380a1e7857a7462d4ed7312f14fdd724ce799c12987e062f1b0c1007e634c628f7cc95b42977d49d600257afb3fc6b96cad38598d0bebd9197f89304c90e653d3694899c12730cf31710e01a5e74cc56bbfe070bd398578da1d23e718ab25b717e51ef0d07a1aa0c52423c2104dd8ed1aa7d106ec8c40b534c64d9dff590b997f4a510b6e168a82aab09684d029f6d1f3d9967fde8c2a545e75699ce47153ebf30ec577005b6d9d0ccadd87a774ba8f2e7858f1125a4ec8e4066b674780d86dfa4b78ac009b4e0129ec97189cb8b1fae8c3e4e20079d16ddc9d977e7cbe7066706558ac4b2288064ee7e2965d92a9d92160fd7af9950edfb97363697b7e8b675c90eb73c37c4025318466e810e4ba7ab52e78b5051174feab78d7e2850e8ddb569441cac31c694c363e16f85e0a2a6df6d3237b27d547cafd8fa70460598df32d2592049580b5a928705742810e0266952067b48874dd9cbde2e9a5b1ffcd839183485bc4bfe56adefcafea48b9d2eb672901fc633ff934799602e3401d747a9dc814a72516bce375501e65b977643dfb4dedbe72ca110966a3e3fdf561fb4a04eb5ca476390ddfb1e73d2e02e4132c0d5b1bbfb4ff9a65eee6b93907064078cec340c5b99eaec537f4bcf57288c81319ef4fae28a154716a0f18baec67721f9fa58564a8de39aaf138a8d965b8c38f7d534ca83e7c7da987833b1b6e49514fda5cfa05da2a81a8e874fa29eb7591b5f7279dec72009e3cfa977b47a90ed24619379d16d64c9ed8a733fe1016c6a2f4a47c00307ab0a62531b69934226863b0356c4c3042d49bafaa061f9fc9885c89cd69eb9d38f3565278e2105f6b32b4f73a36f55f1f354e0ead1f955777438fed5eee070722def56c67320eb589ce20,\x5e9015192ada21980bffbdac17895da50f185c09c0b0e265de77d236fccd944d,\xee1935c9f113943de9bde28fe2e0fd8c10392b9595c4593124f22cfc130737a0,0,\x68656c6c6f
6,2024-06-04T08:51:26.091Z,\xd306adf4e71ec366791ba00610485d9c053242378b2ff969973b6a020b1c2beb,\x2060793651c3ead059e7db75ed5d0e0f8fc5085c14a193572316dff87fa8a34822462091a0fb7a4ccf01ad498294d231047ac5662f8a391360afb4b5d7194fef3c1ae7311278948f33d9635b2908eca2a47e8c21ed592ce0ef40608b00aefe0191575228207eade9e96b3cf351bc82594cfd456f93f40e6c7d3f538bfa2e250b11f08fd4c1de5f9c03466c179bb2080616dae40568e933e15bb0ab085ce372a589b102ef0dc6e969151c07b1341adf161fb514d12161e2cd2d37e7e5f7210f788912658edc621230e380cae12259ec0110e519c0e0ea3b21ac6e247beefb516a271e6441cb3e720cf45a81bf2cdd9cd33ba4922e0d37118250fc14ce30dc8f2f928929f5c8a61250066e14caa102abe2c49836cae9a63afd6e459da59fdcef3a3034d1d5d9131784760a2e28c7de075f205ecd3dd6aab322dd794220f82d217fcbca56e72ad482dea1039829c7ab26dcb84af5b3125de786c634e50785abdf99449779e55dd2768b8bf1a8c391c0a1d5145c1018f3148b13674bcca890abe40d3e41f0378d854f8ea79ea77d5e5f26f76d91f0fcd8163a6a05689f9f7ff6d9d28c61c9972792c5d262e9966edaeff6f28b5d356a9b51312a61bee2f8b4332ef0c3eb37f02adacc9dc0a05510d5e046c776cb17ac5cd62cb14e7617cbc04d7c3c6606c449671d47fdbdebf47881c33cd8fdaf1f3693dbc623483f680c6e6929f8f14202b1acd0d1f3e1dbbf1c0b523b4449e28738152633708b18f21963ea9d1fcd2c6b9f008e910a0506f16701b691a8358b4d5a42187545574ef6c9516853a903384718f5126457293f8d9e5cddc0e0b3a6d63a2d60b6ed0b4b43a7ca2b6af13176cd63dcb4cf28a09a524e9df4f465e720f9bc6e632bba66536dd1b6a509eabc753ddc75277a8bf438c480332eba921b290806678249275ed4e41a74f2d70a1fe75035148d9b90af77ab68c3727d336093368c0d44ee886d94e3b0b3f511d4bb46aeb322786004fed6039c1d432b4e670c1e5a543e11256948e83b53e00aaa9fc3f4642d4cf54476d01f5279b2a999a0364bc92b00c737c4baab1c115f1e8147d954c3cf6a0097b163455072c2b9d9c369d2562c4b4b73686e435d83772e5a64ca20705de725b46986e22bdf5c10a23bf6a9b4ac38c9fdf5f7692509935f8f61ceb049fce0286dc23ee14d18bba9aedcc019c5ec0aa36d056df12a934487a3603cb854d192eb5a3c9e543a3b66228462d6e3e98c4652685ec1248058954aaae13af1bca604ed763b72ffd7c26f275a67da959287b502c250a35b97831a9e515d57084db3c1c236044d614cdaf77879c03b20ea123e87978779820298d7442a837002c413d398aec6e4e51220514cb7d1a639ca50a6ac82e63a85eabdad489c5241f390b8092920db8af7d17770b76990893bec9ab6517095ea69b7201222ceae57bc4b432f5b02af5d93da1eabac27a982290000a76176b72a27c5611bc4c09e69fd167aa32bc5fc01efeca8f5d587d3f73a617712e470cb0b3f87e8049f81e6de5627d33fc07cc69678595860c0cd93cd69200439019df7a0920c6ea06c8c3b8999fe13ba822eb7f65d3ed65a43ebac5bc7c0c72e8334a1ff0571f0f6ca3cb26b646872f065467545347c861e74fb6672e747bed24481c0c0aba25a99e8d9832953a557f28abd7cb78150f91060fa510d3d47afc428442e7d70e6cdb62f6efed56b0b8c0eb128445f1a037de610c5a457a29d91628332ff2df3661aed583fcea4818f507fb3e035f230e2eef45beab7a1161e08d84fa94ab7bab5bf0973ec260a535139a46b8a45dcdf6d2e4779a873f3bb52e52debe7f19f391c1f9a32e5ae45f13f401847fd81ed8715d721419ac00c2843e4be46ded51feed0dd4608cdc60ebc06b1868d484476a9015eaa3fc201d4ae6feac7320561bff1e6ce960385b980f003178a620aede6950acdea7b19e9c155f67619b7862d6597ae2b6f208263c08f1b76a3e87f1ce60f1274c2f4312de37ce87599f1f041ddba14a55571b3d717283e42af2a10bbb315110a998d17923ee848e320a8105b7ace7e0bb9387d5a0d004b0b0bb62bbcd8bfc0cfd528c67f9269a8c0640cbc9ffe00334c5e44f9cf5d3687387e6e4cfb6743fed5a6319616d9ea76ee81e0534f6d06638410303dc298dc90aabcdcd6f724a3a6de9994a01e2821f251f91448a1c95fd60353489fc388ce45fc0f5bddbbb76c7e9394d7dd79a220c5dcb651c56800c11ea0208675d0da57,\x5e9015192ada21980bffbdac17895da50f185c09c0b0e265de77d236fccd944d,\x6e0081bfd97679aca8379133a672e0418bd93ba456279c43cb1ff7a0cca6656b,0,\x68656c6c6f
7,2024-06-04T08:56:07.477Z,\xd306adf4e71ec366791ba00610485d9c053242378b2ff969973b6a020b1c2beb,\x20bda01233d28ccf929711b94f9249352bfa10559428c045295e454d4b33999c4e4620a5ffb764b1aae565a1fe677f19ec1bb40c158adab2ef64a5c1549ff9e02070d54d9f5c148fb9073a167919d08c0a3c91897a239d48c9472b423f3b3b853d169b47665723d26333f2d04e0375c8378e31e1d16262cabf277b4dacd0fa6093d2cf2a4c3d49df61d2141bab625d0b589c8bbcd08169b4a2dfe8695c5ae29c79caa42f05ed3879f77b768787bc0c3b84bf6f4a2c43e135bc7f0fc8bacab5b8a2b57f98fa4c496bd8da53c58e37e97166e42adb6e89ff71bfd2053aacdf9ee51a1bd0ac5ef8ab546816bf40fae0c76ba0c158589ead84b30540772aeb40332c31eea0d9e641ebc7b3e33d6c6242041e50ad2a34a1d96c5b48818b089c286361fd3ac61729c7593462838e8a60976d85361260ef7f137c7fe2c1561393b8313e5f980a4aa3c407e50e29f23cfca13f7fb18477b465b700179459c4defd77259c579f1bf30ec65e38615930b70d28cf1463cfd115b70eec3b3c2707fc1262422d86ee7f4a5e6166c5bf6cd31d22c97187d78da4cf2f8646b6781de4c0a0a3d1e500a48afed6fcb9b5c5bdb771abda2cb17bc67b950c246a4fe3e2ad5686ff5066d3bcd0dc9f07c596ce32b264a33a1c0f9ee8812c31597abe1009cbc5e7c4a24babd4c8ea66656070987c798e20080883ae94cbe4b817744d805b1b220d231cd04a4c293257a32ca31b6890e45770012fac22d418161b2cd50998c33385ae45e8f374498a85e2a0f80ebade4e0e82ee7ed2070bb855697e2987c96a965373304f4b23b6c8e0be5a51ae5dac9ebfd14cc502882c423a26204d5dbb02602c3e6509fbcdd469360e634a11320237bc89dc2437ca8b63d7051ae75e47d04fb28dedbca5c3259595bf5b20b852930c342557e0a7a9e6d57b24f4c82e14aabd24bc9e50581ee1c29ad44413aea1cc3b97ed919cbf9e650c2d09b6a2ad07e25437f5c4e253e9287ec3940aba2ad2d1390e2e776a7214752b3d51bb7a8085ba7428c81d4cf727b9c1e18295144dfa562536a50da3d48d38203e75183b8894929e2badf6b60b88080abf99f60db56162ca471fb6ad9edb963296545d0ab39ee8b811f9c6a4a321cd11c9620a918f7b63bfff2d02f672209cc8e1448d73b21b3189adfd93332fabc0f201d836b5aa1ba6b46a869331c1977949e6544fd688b04313c6fbbe4e1ce060359915ade8fa940d7ae4aaedeb1eaa3e6fc5ad7cfcc07324e1043172a53983ee668c150c7c1beef6ed97f7769848fee7985b237a1d595abdd7f9ba665407f9cc08978c5b24aecc620c25d59809463a542996b671217a92e78fd2ea4c3d7df52729cf795ad8861da788550457ce82768abd166c854694310f621275144013b4c89caea9a640181308587d3da1efbe7814c43477d52bb046bf612b47055ad196a56acff1b6d0d8719ffd560bf2557f522bad9f1bab9f53d2be6e5984fec50d22df77bc0d8841f945866c0917106b8d84a46a7c3b464e921683e1715e8d2216b5a09591d543770d1228d75a1a4a025082990dc7c4c20e6ce637720547bc27a05d4dfcc36555acab07361f96de0f5cb3aba8bcf5cf902fa5d2fb55afd0713fcedbe04aa3e347ab7d1127bfa097531df4dffb34a13993828a7f263b556d9cf5a669edb2dace2ee3ee1084940873c572ed7331229e3aed5fa6afc22bcff019f3c3773925a0b30572c09621747501ef6de03e07abff39a45dfe9e2afdecf387625ce3157cbc96ef3d46735016b5daca21e063ba6f6c461c8c490344f93df83a47aa6c0d932bd7415181bc44a7cd44b72d3e38c381744ba44ac29ee9d42f2fefa3a9446200f83046527010f9bfe10e2a9ab4e79201c0ca1c46778471dab4a4fde939978d0ba1af12988e0e6dfdc93d52b07bc6fd222c19d83d23e8eecaffd6e3a9e157132ac2842470d15d867548ca9d8ed77f2e70378e6e70f75a7a17b9b6cae1c82381a9a171990a0ac5a33ab3e9bf2217467a4cb60ca55b69dd0d3b7644432db36e04746e73822b2695886a58e8c537815f6c00a71eaaafca2a2149bf5f5e02c523ebde3f000691c39d911f7e1041cd8e3649d8a26eb2546e49be996f64a71ef91ad3075bd28386029c371bbc79c664a5919e5d33c1faaba274a28471cce32208fe168e36ee8b63f9f49efc2e189778417ee8c4b4fcd96c914457d3f938b09839cd04175cfbd7e1995a605484fa9857733e843a9233ee0397eaf00daa6c07ede0e7a7,\x5e9015192ada21980bffbdac17895da50f185c09c0b0e265de77d236fccd944d,\x633bc0e978b2c63984cc1dcce7895ac436b085d2752d90c01ba16a171cf16e54,0,\x68656c6c6f
8,2024-06-04T08:58:16.791Z,\xd306adf4e71ec366791ba00610485d9c053242378b2ff969973b6a020b1c2beb,\x20021965061f0232c609064a0a0d1b96ac2aaa20eaf1818e842b71d9800b4e50084620e172dd8b451747b93c6a7464b6d2762c9ad4010cd241ba588f0e15a61eed91fd712ba92a23e2226b31f072dc75dfc17e4ea7ffeb20ce7a56b14cb249b00ca096072735c51e6903c34e0f573f060533666ed3da4fd990c3563a2244a75e4bebd7a6b18c129d3f2b22cf956b9cd2ea0b8eaeb8519199dd4b744ff69fbef9cb693e3b82f676ad090a0b8d5c65560da2afdf209fefc8f65a2a1923f6cc4580484df1a0fd0b64a97d6032680cf0f83bad05617f7757340782c1877dcb6a0ec9710dade3a39d32b23ca8defacf160a69f1d6a64be4dec599470906c8eaee1380e6db0d4dbcea0fb68c6d50832f1d4f58d301bc32217752a488300ec3bfcba33c1e6d345a47627c6d59b879c78279c59ddcf15f5e2a0355ff1d38abf353afb095733f967402f9ddf865ac6e7290018003e9c6ca204193f08db0a301c2da9c24413bef0cbcd374441b701a689002d3550a4f3c004e3cbe93306841813e362da47abca2d1bfd8db8cfca8c09b1b2a143c1f26d505921c1a43cd5048ebe6e9b748b02a6b64ecc0d15234a0362eb65dd890eafc6edc0ad8175f0c3a12a57f2d16157d4862425f58978d285e14e82b82ac1a61b196af5e12a50328c03413f2f39810d54d33231f045a611f35ffe17c2d55925ecd28d5eb6636469c96f79fb19a7c865fa9d4083eb60c5e62f8b2fd31cbcafcf737db2623656f7874e3a8b20b23433bdbe7137f5a74a0938d729c64586ceaa8ca5ece9d036edc4e537f3accd60b895d44ca8992d02ff707c45e15ef09f9cd32acdae2b38f585789167b5d348507f56fa1d614eb7b6b680c0e63ba7baf9885964154bb58664b290afe9c3598704dfcd2628504ca819a1d3ac2064c35f82f83fa781a4750b943680f771c11f79453c644b1f4b21e17b186115c4e9bad105b569f7bd6413005c026f847be546a590938779a6989db992ef78e696b1a70d371be35e99fafcd125243346239c92966f6a581e6b450f07722e86bb7b1c3e6acd876b6a74eb87d7bd0a04dd3294a9bea558ef796544017eed97716789db404b0323098efed2ce803723845266b4ee76f151c23d0338baa384d51eaf53ab3fd16626f49ad9ff4882c20fd92eefc197699a7b9823a25c6d0b601da000e1b0d35e6ef2fc21a4632b5d41a9a558bd9c000642698fd6ddd3c89e9adb837e27ab9078d3bbaa0bc42f610a378ebc010b6d157b3f2ee1645a9b121a5c27e26ce9bdac4a1588dad44e0d088624496127f4ae32c2ce62f0b7afb89fae0cc409344e952565537c333a80d564847a2720c814a741d8d82b079e73c25858ea9c35e603db9fce22def2c465d3e508202ac906d97623843e4b5d935f74009f29b8d5177211c3015b14f016a35667de41056d56f51c7bcb8bb52aec449d21958a2293ea781791137a48287fb42be5f98ce59860fe8ba6f2ae5b6a03c0560b680428efbfbbb7fc04989bb0b68122e633ca8f19abf27cf2ce55181de0f2fda907f776e2fc9c63ee0f286044fb0b5d86eb3beee8128a4ba3d7dbd72aff6b825411f9c65aa5cef3c3375685899807948aefa54f06eced33bc69a4874f4d3af9ec4064b53d8208be0c793e50d18957e5f8c47d4497002d89b1dc8f323d25b993a45faf61c5a9e2b94467883d4c018644a7549416deef31f9ce759424248a5cec2a94ad0ea05f7852b3b391becf9bac4d61ff50d3ec14b69e8c0d172fc15bdaa29b42f29c7facdcab47d42d6eb751cf0b5d87dc49b3602ea47a8926852b813eb2447c53a74b8df85c3fa702c843e7e29c03fb65c844e0ead9f77a7589e852877e31fe67a09a7f536080de5992ec7fae8b06587b60561bdfa5f332d306db9c31b1edd11f3ef7bac05ad63071e1c6096abf7464060a3d482d2b418da2d71480cfb3c6e0763728440cbe42279cba5bc7b545277bfeb46958f0cd831a6fb0fb828480ea203d9007d20f0f89d36b2f374509596901f9f07b6e2ff83d047a6ff6d494d3344eaa130d6f3bf1eec5914be5af0e96ac15fa1b1d02854a2f3841a2c8ad3b3edbff12fa8ab2cef5c84c3309424ddf7f791ecd1d3d3cd3a0b1966e634a36e6c5a7ef1a5c1bb9eeae6b776557d349c59e57290bf6031528d7fc78dc392ee41ce84ec849020e065c9cfb577f68d93898d2104430a9e53ea312c0beaa851acffc534c372bf10c350a1ec2ff96d4c669d223659dcfdee30eab5962e0bfaf8d04ca50f12,\x5e9015192ada21980bffbdac17895da50f185c09c0b0e265de77d236fccd944d,\x889f271612ea2ea4a979bc206b2ad31f98adc99dd6bda051bd950cacc322499b,0,\x68656c6c6f
9,2024-06-04T09:00:16.597Z,\xd306adf4e71ec366791ba00610485d9c053242378b2ff969973b6a020b1c2beb,\x20b12876a9249564a014607e7be96ce3728ceaaa36b12d91c09611b5c3a0efc2454620aed25edb84fb25efe46bdecb71e21a364a6cd4f41371c69fca24b013d221b642fa51db29fb0de2d51be6fac74f458a8924d4c111c13ddbde71e5e1bb236c910d644daa7bc3e7c59d81ca358d2c6e071a616ea16a2cccd9d1764df903bf1d0fa181d7ef1e1dd66aefbf42a9bf604f9c75916a924a6e0a940166d806823b07a7097f508e547edad928d1087eb33da5bc3f185b3cb4e5da28a770f2379ad0f269ad72d33a61020245ecea62f8640bc06af5c7d5b45af8e7f0da5ea0efeb48235a600e237ff9facf97920eaf78e2cd4f4c5db60b66061db27aff891f98949593caf2a42459f060631db9fee786aec547a7477b740f1093d23af2b19b581caee301bb6825e0698ca9d7ed6a94cbeb78a4f817139d38ab26dfc1895c216549531c75ab3d8ac8d44df1dc46b38e0749d9d7f42c9e4ab33746d673b4633aa2c1e9c1d88d0423daa6fa963453fb0fee6376d6414d796436fdf299e6442e31829af2f215510739c1ec99867f3c30f544a8e1e4f4dfbcd3fa0825cefeec3bf3df0064763f282cb343a3f4d8e98a962bf71b1c627159329e7e7daec2ef48f699c9920487828ce2687fccf9b33980505a8ff4084957a7eff70a04c7213c9773ea6782daeaf426febd4119aa1d705e78422fd73fc9266e5e594cdb7cab9d5feac7bd58cc267a889982a3deee81553df1853f790cd6bf1df9f85ac5a05ea733137eb6df939b2bdcd21e3a5a7f6c381245a9a50f83030d382a77a3972bbe103bc6e5373a3327823de939f18a188ebec9de49912277a384250871eba56856fc850a978df39f249ad1069cfe2c208622c55aaa6a22a96571b64316566813455466c649f23e75bf53d727f84a096daa2dbcd8439f2cdbfd2c40163d6d782967d18b826434f83e9b1a153c91dd8d58217db574f9bdd264a5a2bf3f9a1fe4b24af30c045aa909029080fd9d2a0f224e371c478289f56133fc7c6b7a6c52c3dc37d525d7e31e1ce5fc8c53cabe74da6c04bc384e0fe4cf99cbfc1df5b8710bf2dee774d48c12f4019da6e289466aa69fb2bcb800881942b5a244e129278f0b9dc0ab4b04c350ec65de632a509233cddb53890c998eb2d6d9de7e0eb6219ae5473754746fb96aa0a5eb07f42813809ab6dd7bc455db6e489f4c4306c3cc3f159b9ce392dc877f23e757261e237aef2cabc93e486bb5c3d9d90032d9aadf5ad8535626a80559e9a0a0781d157129d95e2c173d450eb47965dd8850ef253d68daabf56b337d93b067de0ad2b653cb303da0879360e64e958adf86e2c6c0fc4bf2ad1429ba1b7bac182046cfb1f1877856e2a87576ff381568628cc930dd863d367ee81e3c18bfb86440f2ae4b0de21aadf06a7527cf520705a6cfc51e706c558307e392a89f5a71ba151f6bc525a95194980a556b15e8f76b36466d7bcc931318983c6992a813a870d4730a9c724703c03d56fd871cda688b09b10d152325f9d1e8d278d570f0f517e29e1ae9843587a58305b5734a23fb2acf397d1f49b421ec2ee41ca4a5997765de0ba92180197e15e83dd15544a97c05ed1cb2f674058921a5ba1257a3cada348d0496c9f23ff8a0e61a170e7077e4db27ae24d977361b4a0e3408208ad16b0e039f28bbe18d4a963914ee8e5c9e112f14ed91a1d4f949f521ea36264e0773a32db5c845fe049c16cbe7fb1dd9c36430445ad30e6113f651df4be4fae4906746e3fb8170a0371cf8dd5975acb2e3311edc9fb846a220c38c110ddd35172ab1f48a8cb13e79681821ea4d0e46ae9247a3945fd160b9b5f2747645a435e186875b14433a94d0cd77ed56c1c278670f0683bde2b8b57a0eb236a526e53566d29dcd1c55c9d2725fbf5bab74a966cd5d427a5229091d1f4dc45f1cbbb3b447f9c66f7417d551123a9f234b9bcbd9f20c6b85e0ef97915054740b6310890884be1b1347fa69d27cc2b2fb5db56909734c2d6b9ee03792d9eb966eadfbb22fbfdac1235c9de4f6daf9697befde6cae9d9df963db8939fd001994fa4020a4818841f833249c0799a1fad120319bef9c34d3dc9ff33e6f2fee81155b95b1f324db3383c8490d85f0d40755f82de220f54250a12d940861ef25937285fe4230de7f117efc45e1b8c271b56746c0044d40d9be9e4cb07e4b55e4a8156c86213eb30c2562616e27a0962033678c695fbab81001b0cef3d596441070d046309527d0d7ad77d4c5f6dba9,\x5e9015192ada21980bffbdac17895da50f185c09c0b0e265de77d236fccd944d,\x778ff3d33398584fe66c5eb9045e15bcbb39991a2db2c0c9bbe1c2071b615901,0,\x68656c6c6f
10,2024-06-04T09:04:33.374Z,\xd306adf4e71ec366791ba00610485d9c053242378b2ff969973b6a020b1c2beb,\x2047f35ac5acf05d0531a7bd045aa460c4f673039ff626e6ee0ec12a6181fdfd024620dea9c5691df35c7b720697b0f40478675545f677a0bb69c2c49a74b6bd303974ac3b107182ee563e37f627bfab56459eb42ffe9f82a72d946fcf47abbe794f590d4d5e97bbe711f4b001672e140e05feffce4a8f4e37340fe6eac091c42ab119d09b48edfb1e0be34170da6a1b7cd333f2abd86cebd4a9878f82a3bb432742114f2f68c93d839f2eecf5dc91301cf54241a7c4417c4b89544a996aa3a7b9b6ca491b8ebb39ecd51876e4f070d5f8ba3584a9dc67e5360b979def1d2302ce5318a8b6e18f94b9df464f83f8e85564a6243eddbda67e4b1cd8876f5189b1aba5301ad400a9ebc1a7deef355458b282f41e259e951fbdd82886d348111899a55d8ef9b1f0ba8ebc24397d60f680955c0621b1f153dc5c98b1e1e680eebcc4357efd84278bb24319f974312608576a325434021946691edc5530ca39d446a2e36761210f80bb5da20138ae88b3698ae4fe7c8fde31e82599da16d2d4e5f7e3cc61cd886e2efc43929b910e6172740c995a2b35323aed975f78bf9a68621b3f536332528b88de626c9ed71d832f98d13aeadd176578559f4c58f52dcc59b01ca1e0e038b31d889596be39630e3e6a2b268bdf534669586a278a3a586c9c1f13992f9be6f20f1a61570465e4fde2c6f7266bc4a3382b525cf41cbf4a75ad0771606c9be730ca7bf371efb9f923e7b6fc754a10e3de48c148be13de5cd4045554c1dea85d66287c2e7a5d95397b510cc220a808eb3433f42b961f75376665f7220651035f99f0eaec00f09e36b8edf5885a0fe92983d15bb1633cdbd12b969b4eac076efad45f0f84d7a599308d16b6f5671bd2a2d7f2a9e2c3e302bf213eb123affd9140dd7865f4203fbfca9b5464081e70a7d41e8e3e244c4301bdea56fb6af5cf5696f2c8d4e71969cb127b492c303dc3bfde628efd40d8054bb412ace6a5c20194e65d25683a98b6eb23328ad0df1ef5fdbf240746e255447a879dd813b08ef381d80fe29a4c250df962e020ec652429eb01aaabcae390a4e6f998ee416b2ec3a7af9ae16f6e4d27371c49c243fce7c6404ff839ca9000b4f01354689c50bc8a8423495c0f2267258fccff955f584405dab1bc9e60c804358d02e91530d0ea671da4cf8a1073c5fade7be9c3ff2d5c7581a49c800cfbcc8902c989d7684195cea55753e5939e58674c1e46cdbc196d62ed534b2d68453fff58c7a7b12bdbe00950dffb9ee82c43e333e33d829de05fb7731c56d5d73be6a358b35db9bcacdd617242376b4ffedb36855e3c41c28e349fa71f88aeda13da921177c16b92e2c2ac03036d7db26b3a1bbae629150af418ce72f6aecf0d95f56269cbd94f619ec2a02bc8afc1b3b3ba726e6673d6fb1bd6b945764fcce93b69056458e010a508fd1082acc97de1b2399708e451360d0d383160a8cb3a91207d12ecbb193f85bb6262c9bfcc1125bba29c44ed3d26cd57a1c037042cce1bc53acab7e99ea34d54c46345ddc9a2e3b6e85de30076bd8c8fd4a30d5865aaadff79b4c12fadca26e0f300a726d68b7602b3c0b26620f329b7614209437f8e81cbad9dd8acc6cbf6a738de3995dcf21c4b0ce13fab3071591a3bce438a4366ed757f7a42bf6cafa87f8894681dc7cdbffc5f5860fabd04c6a06d38210c840ce4d55a79f17b7e4ed5a070da4adc2c4dbe06cb343c369c9271560e6d4a1a9e3ac70f364f365b06ffa324496103fd7850b0553ab925ab2fc81eccfba0975ead8b409e119a38b26c86e8ad79934db77eb9349aadc70804d6c4ac5b6fbde395f08262f8d8c0505b81c7e3167d9121dde50f40ebfa8ca3de9a11dbd394341ee35518591d39f72ff370c556160aebb261893824679917718fcbdc61f35dd46eb647f18af183a62cfe0c5ca3dc5090a526fea16f97854851ca13f17fd34397437fade68fece79b8f094ef1bb20c063e4ae1aa85c3b13614de2649a52393f033476772fb85b0bc550cdb655c43dcf5182804108f6dc9b68c50776eb83806025e08476c651805b39fef6d59be0269f12aa9336b51ea67e50d2a4b5eb5170e3f040fdfd454cdd6d3716f02b1069e3e21e4b90cf6b12d31d1ffebb35f096cb206bf57bdebcec056d893268c3765e280df9f588683383e1a3cc5ab46290b496a9146ac8f3ebf2c4ddfbd874777549b8891fa41251a9dabed161576014284fb75c35da4a30f2a6ff2d1d5bafc1d57ef5c93299,\x5e9015192ada21980bffbdac17895da50f185c09c0b0e265de77d236fccd944d,\x46f05d4536a96e6df5b7848cb95c7e32884d189c766d20803e40b5ffc7e9f058,0,\x68656c6c6f
11,2024-06-04T09:06:26.521Z,\xd306adf4e71ec366791ba00610485d9c053242378b2ff969973b6a020b1c2beb,\x2066639cf349b54bb19bb775d1ee90a27f1bba071ea70ef9c6a55a71cd69da937646203de9961d5c2b678df542f186efa67191e8fea5d9a1cb5fd85c8734048e3871cad8d70d09b7edb7e9f7df6aa28822cf9f3a79915acaee748530d908a684e988893692bbcc8da63c867fe70b67300776f6a365e7d3de00db1c457375f0de64d02cac155d1e082c706ba4b959d31022a6d51044acc62a682dcec772d1a3a6c7f0cff9d76a36d851bfc9086ab643b2e9dde8512fd141c9e54ff33d7ac13742935821fa755ee688456c9511b892f54ecc089d86940ebcba57fc2f60a7a6084048eb91702f74df14a13158bd71a6e61e1f74ac85316dbd8245ced3c3aa6daa8387b9134300974f406765075926d7aabf9c4e7cb107b0210feb4f92e651eee5af148fec711e642cec58ddcd8fd3702ba3dc41f48f0a11650bbf3755e1283591dbdc3a26ffe847c54c5d2990d67f9796ba1702278c3bd151ff212fe115f66ba0911630e851c8d084629b98f8a7ab2582a59aeb311bc40309cd3cae7b0ad83c81584f1d66872c2d9102ad60035e5e8da11fd431eeb95fcc905c92570224b5da83b6e7d94cf4d157f0a8966c791a9a6e7a93089e975c4b3c1683207b10ca05600d14f6f84567b70f44f740d2a7090013c99af3c7bbbec5784d8fb74ad53f7e8dda3389e8a0aab5517f7339ad7e277225fc3b07afec6f7e091ced26e1f4a2f4a804d8d19c2de947b65a770228eef089cf9209d7bf983068723c9eabdf66d474ed4cee8a289fe0a403f91e4fbcecac6780b217c86096b6fac5d6407663cbd61019f974c8597e27acd64308b349e017e93916b850a8fdef7af02024f190648f10f68beb0a6bf75e48a47cd87a0c33ec57b4404af792120dc54a5d61cae85ef5add7676cf468f56d168fe746004b6264731e2dc386f2f937bb0825a91bb486c32eec77b588ee2e197ce3b5c1894c80135e7d3c4c271ad5efc439fa74cac547ca0d5a137e837c68ee963eb836433bce0595e29b7ae10bd26c93e33b1f38483d6d337d36cbe7cc0500b80d3c8167722c902c9a67dfaab34d8a192c96872518393f4a8f5db0e1e56fca60a28e3c10ff3574b0c2089734830663401e4fe0169483a06081d72aedffc3b1cdfcbd34a0276239e7e923bc23fca8d550437e6697064c3b43d84c72a1db46f21898ecb2026f3cd034af9617dab9a73c4ddb55eab9cf4356a9efb759c12feb5290d1bd0ee6ce49c9830c26f6c46845e12f6e602f66e6f4acfa5c8defce11fbb469d3e05e7bb21cd3a4880bc8ef793dc1681e72a8e7c03c67ca1d3f06ba6dae147555ff6e75c418bb46e2659a6bae85c20f3466aa9d862c8a92f2f87670b9571ca8ee8bc5a72cb9442dd8db6cec7897713271048197b1e7370ed9308af029f1f90cf5d5b27ee4b14ae0364f80c8817c00c5661c393658921e09cde1202d872ebc1a844348ba64a7d88ea30be8043bdc381de74b086daa6f6b148cd0df839ef14c664df167d107b39d4e96a08fe22c32943a75ea2c1803aff498e1fb6a42082c7357ad946565705f80a725edfc94c5870ddd678551989433f10b774306729ab4bae5f1653ab4ec75dc3cefe26dad7141973f5cc3fb180ea565c474885cdd173725d418311ed4722c6391453ae3ca1586de345a46ff77def5a1cc7cb637213dd04d76f8a827733aa53f6076bc34a2bd21ae1c7460e030a51aba3004a7b0f7493cd17bd7db98378a3a5ff39c5b1e839e180c4f1a70cf4a0e9cdc82bd441c0c1aa695189295480c6185cdc41c4f742d364269b9f87ebbc4b563dd97e7af6a22c7ba9d99cfa990537d6c167886edc50150af8a417bba429d901bb2ce9585868ae9a02d885853231b4884e3f154fd9703f1064034faaafdee7c478fc655f18377fb479827a0259a1495a14de500815c86f6e6d472c9e6479ecc6cf9b436147b90ba26a664eefad29a057869619dca5d36c37e109c492ee102a8cc06e6e68455902a48217ecd943d06f4d392c9daea1370712a576bc25a5e559f6c1def6cf3d8c7f416f76ae310395a90f27b1295aef212c32f01113ba714e331f5d34fe920d8d64f2263f48313382ba80732aed2c60c0780cbeb5fbfcc00c83c904b425fdb9da37768d6c66d7538f031b64b2179e1e0815aded2e77015aa22de105b5756a20ddda87838fc6a487825b56212ed0c8a13abe5ce545624ce6762fb046a83fd04f229a6a3d8319b657f91f8f4fd7db44ed9875edd565adf2724f97e72fef8600b91013245,\x5e9015192ada21980bffbdac17895da50f185c09c0b0e265de77d236fccd944d,\x776c3da65f16be22bc9b05ef5d1e34561e0c09600e738c13ad60464e9af72b55,0,\x68656c6c6f
12,2024-06-04T09:07:35.697Z,\xd306adf4e71ec366791ba00610485d9c053242378b2ff969973b6a020b1c2beb,\x205621bb6f9fb44ecab0af6c1a9bbbc5c9221c50b6dd014fa73a0ede28b0c7c5754620f36ac8604f853804b104da8b935465f78f53ae4d02d25a6dbe3734a235841f5b0a4997deb2887f21aa0ca0bc5c6f22ee0371176743042c65196f1f23bee93b32dcb2a137a4d516c891a7ae9e2c66446f597cc6a2fa972574e5ab3b4417945099f1201772a7fcbe261d5040708bc5d63a71607f7651fa0cdf9467b361450ffc8149bc1b9676ac63ce0a25fba626d273a6d4099952487c1d387a8bbbe74b9698c5b92ad8488087089d21f303dd7905ca68a77d115da2d01dd6bd55e596f99457c61cd89cd880e441cc1595175f63ccb5d105edf51e7d6a7b41d52f71fffe2f63a35d40027471fc1916ebb47426b6c4d30eb660d9c7f8818a8786ebae5bf8afa45535890fdba7e0fb778dcb51a6888d7a6b7492402cbf6bfb294e1c225a0e9d0887306e1ced302fad363fb5d9c0ec1d0aae91d600127c5116b944d350eb910e2af1057b236fe7ebde03301fe221d916e962b61be9efd671ce4f4a1074e380405a82a7c4fd2e1434e8610c959e93c44463c7a1fcfa7d8af3cdf480616c24d2b293755f6b526c2f2384fe25123e0f0210492044240f50e1ed56caa88f8b709cfaff0f7106db233f7f5e050f31d5a16671123e21c7920752b3c00d8a8dcf5cdde33244f2fc41199cb62849f1f1d693f5532358715431c0efc1d1e6f82b524450d1bf47de3733b0f7a1122e575c1cb2227abe0a1252e45483e5f2a522e0f617d4c81f010c6dd18d81e069cfbd0439cedede93c4b156489914484f3c0b723e961ad784aa6bd05a171ff735c3f08fb5bfa96a54e4aab682e39835f6bfcfc43cb9e99e561efc2c435c1ca2997fcf288735b08a2ad316851aaa8d3d1eafacdd57f8e09413ec388441dffd2871e6509385287e6a32a850cdeb481885141ec08edea1279bef6dd86e5bc67d40857cf08b67234d367d2ece445c7ddc3a6ed71177fb31220eeef5647566ddbf1f9d8eb59bcf3d3e2132a0ef672bfc2b0b166a294161a7b1020b30fb4692eed14d0b5ced44f9e722168fba53d381ac0f34d1efc3df11ba5ec43c29ffc54e3464411499577186d7b4376d54b2c808f96c3d56f5ab597de2618d6d68a04a2dfad56d32032f1551f57ee878527b10b715251043b55a147a8938032c499632eea9c77bee968e767a5bd29822aff70abab39170d3f36d4cc8079b6dbf929aa33b88695dc1a1d1d09d0790f775d60f5a40f8601ff1c7a577b471e6b5c2ad839b520cfe24cec7df045259eb5ecb4780017328ed06d29328b04a425433da5720cc4fd0163616cb6e10aa5338def2d92345af612df01f389389894eb8a62a73c3732a02fe7779eabe68126317d0faf471200c816a5cdbe81389616a4c6ce9427dae6274a7d0522f27e2d8655ba26a3015a84b1580aea949768368190d4c7e0f1cddb7708bd048e8ecb5afc4f7be70ec9b278833972a28dcdc5ca9c0d3cbaa1f4f1f6720419964bdba2be46f65cfab0817d7f50f55126daf626b05f6954a8ccb3d73074ec4cd022a4c0b06df70b6614d831e242c7a638ad8a4f35f833b9f261e5819115f9cfa2af01ce1cdb1064a83b1ca84dde7536ac857b54fbc6bf98ca2ba7f439d501e451491c4d2794770495b3c76ba3f7d44ed72c1551062d508a9b05019a2bf9c07f595e62023caf2caf785977f4d582ef7c17d54cb0e4999536616359eb33115ab583095cb156a9d439cfe1f8384f9e262193353c59857a9b1304ca229b30394bc715905a02fb4be0b199204bf7f29ccd1d372acc6a1bc415aa29bf558451e9761b154e5bc0e4f80e0ba0985118e0b6022fc2084f7f1fcf2241e7e951fc586a7b07cc5f0b0cabdb68db67591ce8cf59dc0ff5280312835679d10e67a03c3704d16b38968260047faaee76c433aee05b04c3cddeb0f263ab977b29d18a4e67b3bb55c978949013d0eb4a75c61bc8322635b6434e74dcc50f84d274bf5e399b26477226af27cb9449d21a9202c19e799792872b20630e155a0a8d80c390d4b5c388d4c9f1978ec64c8dfe6cc61255000f812ff2958f4abe8f15061122188bedba0a6b870d6c66f12cce86ac3b1f5132b3a2e6ee6bdb87157d3e206eefbd83c6d58e3e3970bf4877c407d87c5ca035ce442c7e432ccb92b321db9188d6bf31b87cf2fa584d1deb008f083115307c0be2e82502a52652c061bb40b3fcf0d5e75425c2936c2861799795620d8bbaa45c50732d71a1623f6bed4e960517260,\x5e9015192ada21980bffbdac17895da50f185c09c0b0e265de77d236fccd944d,\xe042c48f2d03becff070cf72a1d3514a0097c111f305df6686e797d3a749e483,0,\x68656c6c6f
13,2024-06-04T09:32:20.216Z,\xb15961ced14f6f6fb8fa8a74f7d4b71308f02ffe9126c96206b7822cde88fae2,\x20423f2f3ec6ec2eaa49d75b1e1f9e80dc95f0664538f690fb384cc5016c564b1046203181c104cb9bfdd39504f16bf20f9d2782d5576773ce7f10b5b644ff0542c899c4cf04c3928928afb2ae4f3e2cd7ad7bebe526a60d4bcbdc1fb57722aada053c8136c391db9bd146edc7dabc648b186d83495bd2128e48da7f9dddb98b49ae404f9ae318c2c0371757a2cd3e99a7bf8320dc00f3be88b73bcb68526cba529b9f764278682f1e4cbbccc525121a28049321083a17094e05d3bb13d1e32a5943bc69e5691abd2a5f40b6bc1e350ad40322dc2f423804bda6b7788b7b25193c5f552227481777074bd25e06deb46da68d302062839c429e5d954b32fc2be36cd144be7256aad4dc85ee640dfe097f0cc98c4afdfb5e1451391e346a9d2acdb73e2c7067ddf4d354acf00050ced7c2526b0bd9e55bb02a2f3f55c7a5d4d244b6aac5bf6d31ce25c5c9067f85b7c6aabba2c6aee6ba47a48ae82f1f64c014f2b4364e37388c5b2c4472c7fa6f2b75a855200c35653b861fccc1dd383001fb67255bc1b97baac8649f1181fd7dc6ed94cbc81dd456e0be864d8a286bb94d2f29178d38b74303bc9c0a45dc6d47ab42ce89151ad7db0788d7a66c4a4a534f4e866dd5677005ddcb0b609736b25e07fca957fdbd328d0bb87aafa8b49e60502e47300c470f84c30085b636d1a301ef36915775c3511c7f984422297aa387df254220db89cca09b932574fa9223f0e6bd426edf49b4b31d15684f07cb2212723507433ee0f4cf7cf728e08a339c45b09435d48a7a23fd4501d4e5dba4f3e21fff0f9b3994f8302a84e9b67630f64f1f1126c76e3a5767081cdd686acba3d4f5786426446fc19bbcb0b181b5c312f6e2b3fc01e51f8ac665692079c45ad070b57bca251080595c34d295795d679571d93233fbea9fa128a8fe5a495e2b30972131efc234d1474dd2e78a87496557c3bc9365ce594c173fbe24ca6fc90008c7dda60ca8f1de7803227bc0fcc583d174ec73cb7499c3f21a188e325292985da769c80d45871ca25dd78629f724c62bf79908fae7dffb34092f7599a56098cd3510daac71ef5baaa675ea27813924d4e083c8827c69d0bc81c361c38af0cdbe5b614bfb839b4a088aaff659fb325f29620482f200861a431f16486a5f883c531ffd6c3eab9f4d9f29e34a15b7bed3598f692a43176e5a4dd48f16b8e7d5de183670963d289384e9f43c84447f87e997c7f6dadab0c79a806a43aac8c5a7bd489c9d99a36fdd7b265a3cb3c41bb4c5959431d154d6deae2b3206019130a43154b8e2b3cdda11d7df8cc4a7693aa0cb03bccec6eeec1c92bdc1ddd663744859bed7466bf0a351032f145132e02f83eba6908c761d528a7f218b0e88902bf77a19897ebda53f53351b6b1a3124148ec09998520164b312a6e1d996366b0c0923994d48fd2e44f7219df42285fff69f6860703956a78e4f9885c8a2a52c857e956a924301e0d893f7e3242080fec80793b5256fe198a1696e2ab123d675e26f09e337502ca7abff1c108276faed3c1ab55b18383f75264a4024ff1ac8c5078f98dae4d1adee78d80a75a7a667238ea515ab0fe97efa0d9ad26132593f9030b72d217c43723fbd703960e611a722022573c5e1528effd80493e10aae966161c24b081987e7c6911a870966e23b15b4fb50c9d15a7514b8f6aaef933957b64a0f4e40e79ea184bfe70f7fc8c55ab7f174366e778330cf064806906571f1142bdacbe4e292b079194b95b5facb152be544f298423c461bfae9a55b8693e70c1188db63da0da415ab930d8fa5da49fc0981f7fab1a1766611b4bf7e3f0b7c14296e45eb7071404e62734471164e7515ea7058bf499420f694f4724ee6e02187ab66581ec4744cf77ce8738df39ce5bdc5fdf73b04121514d40365f677c46a91f2117a693d138d8b0906f097021ae58b70b4e81b1233e1c27bff827d9c6d740e76e4a7fdef98abfa35edf50947902efc3bf8e103fed952d18d18a4f9ea1ec73a081edbad6ed95b0fcf3db7f0460574a220c95154d36c3fcca27cadfaab3f899942bfcccef4a98946d91d073bf9893402da86a8fbf4824e29ee24e9aaf7e3922c12301ca3ce12c8a915a8bea6477b8211e152be42c2d6bd7a2b15f24bf0b5721b3131430d5446f194d989b0d2b5553ed168be9a7a89b66782d0aad3f770700c388f2cd56205b7ae157e52949c72d9035aceb389488abc14a66a50abee6db624ffda02e096e6bab668e4d3c9,\x8e4a0bf44d62374d9a71a49923a581217feb8f48def605e3128a0f9b6f72da4f,\xe3eaf1cb55a8e387fd8e41b6f7adb345158cacedec2d0e5f637fc975463e6147,0,\x68656c6c6f
14,2024-06-04T18:37:25.539Z,\x3d0827965ab19df839a95b6dff09335a21988a8410705463ab41638cc10208b1,\x206122c414a650c834783a6a182007e5d629b82e68b12247ed068f71da2ee2213e4f1c63aa2954ae92c75b859f19a0282f6aa3b922906c9d07d897bc66930c95e5d12433a0235403a4ad328843ef02bbb6d3f08022eb175403c2d2521b51dfcf4dc4977d656e0232093ee72d784842bd61ff5dd5ebbaed959e313778b67ff579150c77db9a128a194caa29152be8c0c52b18f78d2d6447c581b93912a773df3f04974edff536d3270914171a611a341d887c753c4eb8a4c7850f3102f7006ac161b66d3ab403fedad2eb4b986ce3dfac6c5a64ad46ceb13d16eddf9ea2912f8ece2552fabf9c3da04d00efec83915ec5fda23e8c63563ac74dfcbcb3dbad832261b2f2ac61c8ca3951ddb179978f7152f219ef698cf8a78e44e568d7e22c8bcff3d7bde1330930dfd960542c73636148564851c4d0d128716b2acefeb2f624282eb9cc04fe76ba8e76ab165b7694ffe084bca8051c6eab4630f0038f02cc413d425f6055e54a157f2ca313c87f289722dd2f9a55325e16974c12153fe9838fcf97f766237fd3647332aa7978ed4c194140fc58efb3c910a13a2485a333cbeafd711c5df9fb42ad25c839f9de1f4458b9ed27f1049e4f2e2b6bc19e875bfa92915f23227ff6b4e1f66eb812227408e4c1f69abba3fcda2c3f595c78eb6c854648409ae7a8c1adb6d341ee5ea2918c532694b6f4f27e86b7957e11e30949ae4a054ba30ae6cdcacffe4f2110c1ddfd050234676672133b09b52f20fb732dbea387bec6572681637f7b3f9be48eddb053ca7a924512348992fd7488fd7f66fe8518f03edc3f76483caef7aeff0aed8d4fa5589fbffd0340c20f7c2e1cd427f7fbfb2ccb9cf629c372656dd34087fe3dce32e8a83aaa86ded8129cb2a5948fae1d9f11fcfbe8d9a83a2624e5962481e481dc4d825f68910f6725f6acf3b12e700251e58e1ebae66c63e3b24c24445c7ad358d9185afcf5db60568297b0b7bf582fe38088c7049a775711c12f0c74fd7ab258b1de27eef4aecb0699bf1a114b06e25d21443b7c3b0cf8f3e20d89b3479431d07979cee69ef27acd3011a17328850240ce8bfc71a78b807409e9fd895b5efda9776acff14e2e0b378ee10bfede65bc17a54c290e1b598c07497979f9246f6ca66b41656ed3e9185e4fb878bd89b560bdb93dcabeab958166ef03eefd69ce3dff037f4a1ce0575b5711218327ed0efecff650bb7c4f7b6b9b18137a7eb238d9a222a1e9077788cd347449b5ce7f46be1f86589aedb8abbf11f6f9d11c3f5a9d31c38d58fb14b4a4099f827e754f5febfc777a064073fd583c8670c769fcfb93e1a8e53d96f4d2f8762e414ce2fe9dc500d62745f1c36188b6236982eba68a495fa3952c6f5f4a9071af15d841ca62c8b65e595ff45d23b75818ac127204419e439a66fa0f1d4005d7a4184ce5a9fee532b250a44a2361fdfbcd052cfa90408a34d3ebb325cd34a2d3b7325472ea780c912658c0646282d26615d8c2b23a845284919e0a5c54adb20629897ca732cc63654faa0f194df4928c08c2851c960516e0098eec8830d7905e2117ac455f981d14b3f60a1fa73f0a398520d3d3d7d3e9531126dc733121f9595ccd4666ae96198f5a194a6b8e181cbfce6f345349d485fa654236f5500a746aba05bf5ddfe4af1ef8fd57b6c85af2e82709c96a14c906a4a7eb7d6fb4c2780a3465ebb13c8d9ee5aa3468a35909b55e3a15ee6c2e87c20b4cd1f748d1e662cd48ce5bb5cbcf83414be7c83792cc67ad1b0fcdbee07d518bc2fc58385f751bd967d320855300331d6bfa2b1bcb5d6a1f0427307eef306d253358bb659ea66f37e5347a39e84c7dc802c6f8a5bdf93852d249b9d2f7802d044d23e45bff9766d1dea845b624595932bc9448902247272a327316082d28dc4ea87390c6969ec3e0c358510bf09579cb2fa8d323e109b0eb61cb52424a3628f0878c15aa29e0dcacdce15fea97459605b25c326ee8f61e3bf59502ad2766d2a517cb9f997a73916377b9bb4320891604005d05c78089d5273a00ffd4b83cd2f15f929fb73cb29d718dedfdbd40ad0c71b35de5fa1e07758d286dac7d0a6480901b669a1b92ff5eaf43f1dcb0f05e34b9c4a8e57e3a92c792d8a1dca078ef41673537d03c6bc724966341928a76b48ec8093dd73af1e1f33a3ca7cd087f45bae97d1f9218d41492ea9d6294a03cdb2d60381b8c4663c1966633f53352952f0c6ce2edd02e79001a540796e0293780724fe15db2e727c6b7fd18a174d069bca9cbbf99ceb42d36446db38c8088ed133d8b2be2539eac9ebf2ca033f03cd19c15bbdbbcec76d95bcce37e79eb3bcd4eba820e466b0fa43289026ab3ea49101086fb91978c1ae9d82060504fc2b8ae72b574ecf3b3e66780794686e0a5a590c81128581ae996f4bc266fb9a7836c6b09a45d00e69b0c2a4c7a0bcb7567ea7c2ce3fdfda0e9b8bcaa0d0bfcc8b8c6c5d259c89c88dea8b5e044cab2a41e5dd0cf923b05d2058772381f327832c8e47a9f961e1cd24324d5f811f8b029eaed0fd8aa13264b8b23a029ffd21b91418edd39aafa2bf3d948f33f5bacc2ed9175eab982261e1f98270d6be3251e4ecb4662dd32fc59b8eae325a9a3847c47db08587032eb56c79b34d2d22210fcaf100deb462bb5dc95f328a91e8ab08ecb358c5d28583bd876af79b263e7b418644115882edb7f8290e13777d5cfedfee95ababa35fb319a37f3eab7281dac2da59d04a926495db0963ff3753379a836b16c008d02ae150b0dfd187c8a028a4ffd98e005951141279f371dc168dd83e02bd370989ad8e2f83158042f88f542aaddb4e28851fc3c0b2f17696030e0b33dc25c1485afe97b437a88b5e058689290ccdfd2e7c9dfc3ac18523974148e3b86e832075a746954719f066c8129f23a463897821f53563eef78330949f50c8a0f3bfd039651c2089ecafd80ebcf4cf39c91a6429103cc5e472463fedd6be28dfdcc079971930003ae0b3baad3eaf0af69dcabc5214019d3dc7affe930e9085b6337995033b246fd6cc1166cde7a786767ab11007b31fc41b5b05473925f1f2dc1e75197dec36e3cd8630692b0aa225bb1fdcd6359a08bbdcd1e263c65ec51126386208094480773a7d6555c6f02c46e7fcb7aea22fabcf6983fac20a1b3e83bf2e0a461bb86a080431d1f6eb182577efa1838a2577b16e0d5e9a7233d756b9e0c725bd3bec981460de68c77dfb9562658da04cfc0e0fd3c963d97c0b8145477605688d0454fc8e0eafa1beb3e1e46139d499e80e66b53092474de0cb4c73b9b43ab9cb3aedd18abd99bab24a38ce293fe0d54ea035fc69f0f879857f8572fea2d58d0431c3b3ca18038c3d17ae133c6061df0338ccf805185f73b129d59536dd85f80f8f9e99a81e80d8c170796846f2b6f17227e1db8c322645dc7fa0a00e2f7e357bbf4ca7dad3a2289fdead033f8b4af5106cc02fb8b673d3dce3fdc7b87174c1a8f7041060005783b27640022ffd6767246614dcbfa53718452bea69a4f728dfae79c70c9d9a5d98770a82cd429921e5ce1ffc91cb9a6bd29c0ae07dae53a71f7024f53ee0409a76e14799c53c52f15b625e9000254f4bb30b08104ca2e86ac93b86d158e59f936cbe07b51a93489a59ee1533c27869be817927b4e3d4a887f443feab502555960a64f302fe5dcb77ba3a54c4eb2fd2ab4925caf145597bf59eec3c222642395bd38fe1aed7eaed298d1879ef034290a2ca962cd6cca9734ca4387b6109db37091e5fe6ae3386edc10468937f5dfcc8351584ac3912f71eadc74db12fcc899664a3f36e3e04a7f1a1c4e66345d440cca4a8e98ac9c7465421795b0c5acffd94ec237ea3ad0ea41b19fec981c4afbe33ebd512f17a67a73b5debd4cfc099169aafb1bf98462092a3b41da1bbbbe153c571230a111dceff731fb03291c27e06a320d02a079561bebd98ed99f5445e3193c25e764baf248bf0e59d10c03814f1b153ac38196ac6099d282b4718ae5e96e05e10230a3786d4cb75632a6427a53ee5b591dcbef9ae4328d9e743ad1aec912e070a17cdee2b2ba68c2d63c4a20ed3438ad4012c0e2f3f0b2942f86c8bbdf369782a597d93583a526a41444434d4594cbafc566431ac793831a50df56497dde9d2ec04cb5b1ecbdc349ad6e36b95a319d18362243ae243b107780fe2f6b4d3c3095f082a6d6f3f8cb00af49efa381dee654f87858c914720c019603f5f59230ae44a854adee0ebad833f72adb662aaeb644f98d5921bf372155c0406f8fe00e8ab38f652f2c6b95a7b7f2317fb951094bae24766f548a701b2b32da46c86244c902ce12870ec6dffacb81e98b32326fe476660dc0ec10a930deeda608fb77b1bf19f50ec780ba78cf903e93caf5dc7e63e984193d0a105fe1feac08a8ca95dc0e9218a8918c83a1f6f53c3a27697a33d2ebb82d8ff115e4f378c8918ea57ca21315cfab17b102a3c8ea636cc07e6f0f4bf2139f667618a01806e913b2341e74b3a50016e93a5f761b73f560b55e2a7698efacbce712d4c72d1c918b44cfe1bb86177676bb5dfb228f8d2bd0f05eaeb6b877ce158038acabaff506579a551687033d85d467e9cf030c98d044da9c9da40b21f1da2726a03191c250ecfe9d3e77864e7eff06456a662ac847c69a4fab77eeb8920a31be21444f45b232cfad292d0c1216c7f310397726c1066f3e7ae55f3b3e199d2002fff750f4f2cad16cf9f3ccdb11a8aafc8ece8001794e76bb375fd8b4e031272cfda56d7c203b4b409cf3551ca18215e83d16d0ac241a1e96e33367d28f13a0f580345463fb183a3470d56cfcff4cea626ca8ecfb6328c8f79d26f97dd7ff7f9d788329b180bf1b4cdc2deb6820e102882296b4524dc82b6ebb29fa7edfad8fb9ec27d487064b0c429225a2cd2df0e3a0be3b9e6e4d64081c67aa45c00fd1b6ba25b57df2bc06b2a713a20be00e598b5465dc49ec197df349ab7d72fe5a2b7bb2ae3dc91ec46685d53eaae6045661d5e247319ee0be2b25a546f25f4ac4ea0677340e3e3053ec2a91fd44f83f5be40261eb1f67225a932191b56405a8fb51dc3fdcbbde18bba9f54699cfcb90424cb260c075c4c201a58209591aac95abb57cb31d406751cd8db290437de1a72a7bd174766432b041a5a593559d70176a5a791b25db1d4fbc352566a5bcdfa27011b43d58d024e98985b371c69ffac07ac793227a9a04b54195a39adba5b77ab006065dac29d7a2135b8aff252577583f44cdb1a713c6bd9550b99a306d9fbda9c39279533ec3e5e031a1eea01c728eef566c30e2762edb023a83c07532f12d4f238cd330e26eed8c06b189ffcfb696871292b3359e0dd64fb6a3a4ee8e4ab59c142dce44a3cac55cbe0fff68b78857ff450d99683e047bb942ebfd1015fcafb4805a338faaa1411e8687d0542894051d808fca1963aa7c8081564a740c1c2e239f09aa920cafa7266fc82168e478678fa2d2005a834db2379e054f88,\xb84c759300e26093967e5692abc26a326be385498efa89738b6f81870715823e,\x384d08e2c8f650bbe1d338bff9c5f70eee5c37e5c8efd3a4eae958be2e7ad551,0,\x68656c6c6f
15,2024-06-04T18:37:25.543Z,\xe22a07159ae469b1f340b8f280dd9dbc1176afe222247d073facf5fc17db159e,\x20fe9d0983c0c2dbd66486464efd19bb05cabcfba05f82e1551a5739ebe0970d5b4f1c45876a3a778781c06469974e2b6fba3651c0a8f05c90a87fb718af89d0f2552544c992cddc4f86c4fd36c08683f63a350008f1777c14aa3eaf2cc0814a5cb63de5b13682c6346049febbbffb7125183007062a83bdcb7ec7f09e301f3ec03ddc418af0f746096a237947780847d2b53938ee43f33fb04501040ddaf6546db5be0f9da2c25958580cfdbd323158f7e69818de9834b1e58d50c3f8a0e821350c6a8c10c706d6459a7ad7c35a29fc11cdf6e9906d7eb320af92d586bb3a0cc9b130763e28e23b777c01ca57c58a599fcccabf563256f63e068d4a44fc71613f1f5c112f237633466f533f263ecb521593f504859f676e260aac3d0b09b4a57d999b32b589061160c844a6e1acea08c70e22981a262ad1b2fd1eb510f546e415e368de3ab113c0fef50a001228b3a34cef8455e1d33899fa8555694baa8e38a2139c5eaf7cfd0b0777c632cadf686f41654f8d672aef0cfdcb917547707e7acc20a067d4b6d8a53e5f84238405c154640a8f0d71f735e235e6b759a35ce6f34c6dcf98d6df958b738cf298037db60045169a991fa0105b4eefb4935723c14498514148373b04a977a2cfcc7dfb06b9cae0e11153f984a0584994ced3dd2ec8617cb149b568a70002834742095cd4a44e2d82e66741fda2a65694be389508538f4bbe2d6b42a1092ae3d9184d49dc602749f7f8a4ca1bf7872ea93bf3cefa388b496c943e130dbc4d102176a1165e761f2350c7fe163b8f363ca82d13fcee6da7fd8e8576aba03577cf21c154b4408ef3d50532eec50450a47245ceaf8efc968d4729a5ec565c42d6d07cc7d9d3ac18a6a9797aa28bd8e13318a69af1bcc5428f21dfa45c9cd676f1288756581d93397e1af006d806a6997ccbb86f8800ec07d21b8f70a4249b730718653edaa96babd2f36babdeeafac5ad45490d96c81ec236e1614090c84809a60e0963959ffbd046c5681866f5454aafecb73bb834870ccd1c1db377a8d376ac35dbd53a407a09ebf0ca09413cb23f9042b1710901180fd6bd846f8b183fd0b5015b5aa09e850bee4266ff340546d3edc8db0bae8ed4d430cc0096ae8603377d10c6580ba426d8c7b678e6219d5a4d1af15b4fc85e066e1b571c17f39c639526777620e6d9a9e6b861c656fe06b1a788a21d6103b460ce1b1d7ef63d24ae691969459529b5f83ea125f9f94d578ff4f811efb8d43e6bddac533eef830cb3465237902dd7f5feee480928e74333a6849628444674df46dd406dd3df965b739ca2194e35a5a901e065d0a11248a5afdf5b650a9a42d5ff0da95d715759e37a9cc8ff3b521c242ad2dbebe95062b52b9f7e50c30a975878cf39c6594f3ba07738accf81e592f47a980a0957d709c81decee2a74586dd124a7eb3754ace1642cdbe595925eabe0b79121fa47772613a92691b3845ea6150ccaa72f33e5b555f2632a65c6061a19acd528eeef52f03707d23685fae3a0407d9ce733ad898c813e7029c454362714d814f0e43ece184c893ba8eaacdef1b9d76bb1e124349a1060b8fc085f1c0d664d31ce075564904f75c05f080928e1186c439e07d89f752f0326b0f1443b317e207fcdfd653de9e9352507b3461a7c8b51176dfc72aeb7ad0ed460c131bb287b8776d55aec49ed415dc599e1ee6f03bf3531bcb30e20517ab3c9e038bc4c68065aee87bb4731409ba5db7b83de3aa77d410a1ed45fc6b4a46442a0f4df927aac401c6b5b751fd4ffd231f6fce4b9e1719100519e8691a6698aa54ccb3b0989c1d8d2a5933dad59d085409d993278810bfca6f85d5cb3ce6ea306489553b33f7f1dca6821d5c9a768762f0fc70dbf70652c3e9989cca0fc07928bbf181132b6a96f1f3050333eaea70a3c6d9cb802bf96dca8307070dcf7ad3d5250434833a0d25859922ab5ef2dfa3314e3e116ac51d7e0f818c538d9be748513cf71da0bca0aecda14a7f6408e9243d1a02955d6464d2661ba3d0a3481a90fb864c63af8f6fe4c8e22084dde8c91b0857b128577d186fd65aa59e64b61e959a010a2ec634c7ea186896c678b974f3a76908ca662c167f6bd60cbccd6f359e96e8657976d105186ed1dc58f842089bf5edc0e037a7a2a2baf67dc35893d917388d5dafa3c9b2c94b8462a843ca120c94ca93d70c1d270c20be39dd9cf37c9c03cbdcd7cd3ba874c1e23ded80ebc4e5037566b0e7b0cfb50d3360d326af8c15c9fa86451a78cb328e8bfe911943cd55b3babd9fffb9d650621bee2d67db87ea2f00acf349b799d5adfaebbdd3f334bce5fad105c6e6efe7079dacd36b6cf7d610da6bfab0c3380630ea0cd5012a99eee190f10d3b892c6f63503af553f23210f91c86bf8ae4ade734c528fa4560f592c966e0462de432e242f1e8172b276ab6b6bb009331c3d4eaad5ad911598a71819d760c3de6fba2a064662e8fc52ebad1b77837d1e648cecd0ff5bb62507556a54d846680e6ca169acc24ae8bc3aafff0f0c67d663dca4ac3b5e7fbe36d4afe4e8c7846ef745bf056564ea228083b7abafe9b4c4c5181deca5e2fb2e0d9a78c8e5f2c61fc8d3fe63d18a1e5631568fb867bbc2fb3c3e0d070cb7c5bcd594e524784c3e7e03d844dd987cee349c49b577b82673c1e4c2f9d1cfc6953e2d2d956348f3f7283133d5dc4e5cf97a2beeb645fdc11ce3907675e65941251b75bd89d0173432a0f0b522e62d95ebdd30ca4e4f28561decf0af93cefc887dd68db9f6a27e69496cb2816ebd8c8cb69b55680bb7b741d01c7fd233fce462cd82fc741a1fd406f8b24d90171fd6e6b738ffa8a276f5dfad00bcbee0a2662f3232bb1d317cc9c80acb981f6cc1a6f0c003dd91621f599845d6a6f5158ebb5a26b0a1d5a290e792bc55e0d8af2315dcff9c17b04625be99ee2b256bd647a259cf2ac00066c63713f7753eaeb8b8dd2db7052444e2f185581fd5676cbb77149139cc8c7f2d2032d281cd7c07a669e18aa2367782212cf346805b7c41393272049cd7992cb0cd49a67a5924085268357f212348465d7ffd060cb53436cd355f034e66e04dd2931f01a360fc60a77fba50983220a64f5f4acbaf01a6556bb5fcdb43bdbc2a7d2a7be2d799f4bcbd09de5b0c74a174f050087219d9d090817e75d2fba62bedbe42c647918027217757ea42876a2783d709a025732ee1be31c4edad1056c25388d30b007a6f911b5bfe4b44d6d03e4da4199db238513b5b4576a03d7070521c14bc99af0db252d00d59293795b8ee148027791a5787817595e023982aa44604a62acc9feba1e41baeeef037d080c8808ad7b841ff24eef5eb631cec2133cfc250d5afc5436b729dc3f86c40a817dc122a9d4a56d6b0768b4613f519fe764344bfa034418a09010cf1987b9e2ab8e37f57c250679acfd881c65a9ae09ddf4e7a10b1120b94b66c6bc78424a04577543cc2e0d5e1080898220eefa9ee608459d1188e93509508d7151f1565160b9cf67742729d7f2d0855ccc868738afea3ffcc13af39806d7a76617e574e96d159a9512f136d7386fb89a2386652a3e8e5fb25d81f5bea531d3054377b0ef8267d17a5119633050df30a18ff58b07434f402fe3c84e94cdf2992686e2737b4330371b015ca960348e83bf2eb79962c0c49f16c23e9271f3bc85f6933025857f306da567fb23e4cae2fb2219464b4c3e9297b7af7492bc849a7dfd615911bcbc71e82ff98f8fce7a60b3b0636fc6e4796615800ca1ce6ca8ddc6a88d949a878c59482ec471002347690fccf97f266f5e0bcb0861ea8bbbba7cb2ed4a4bcbe5d3461e90f746fd879ec1455b80b56a5718bb1f4273ed891c18599e8c47189718f2fe946c7ccbcbd0e35420aa406922a48af9a382355849f8242f03c6c7e25272d09e9f561298543aaab98405e0a1f4ffefeeef31d42b3a282778006cc0617ab7c801c29f98008c039847a5f9377861039be1eb85f41ff8e4a9971f684c6b409c03f9b0b76cef4eb61b7658ae4f5cb7b4c507b69f1d56e9e16e0c8b54d5a0208f1eecbf0cb2a87e578129926896e1d84040c50e9fd792528bdd9172719ffc8604ada88529cacc8d27f6ccc1e01343fea0f86f06838012ecfaec06d265dda18a5f608213b6b5cbd5ec9322668e54f672391447a2c945c728113462fa98a2454656f517a5d654ed8477cab3317068bfc6d60ee4f50381e2f7e0694b6ed483a500e3a048d5a20b59a11000ba241e24b302d94611bdff128c2e865f46414bcce4150ddf2c4ed22247d845a5ebc8cf72d246434cf54e41387188426f5c7ac4359439c0bcca38b27888206a73341e22238aa413db97ba5fb5aa98b8463c8b2e13c256d07361fd4d948498dbcaeb7b1c7ea9759d0a8ffdfe31cba4ed9d2de57f77f711a7ea95bde10caec04e5838329397242f461e1bd2fd58c0c41079f016e1d6e587eb69367eea3b732f7e83999d715aeffdff359a1bfd4fbc765e990a7c7871d60eaa8e2020f0a651f535cac60e7dd07d5efc9895fb3f4be2a4b7077e8e1f681a6dec55b7c9a304d6ada1e4bcfb8ff4c38dd77b3880677c6cb568da53a1134312ea2d4d51dcffbe2f03102d42479ee18b37b024ae7439353a9b34b878d948941e320ae816941021ce65fa725d5a84065544ed91e48b215e58d4ae336a6308e143fdc3e1524dc7f802c6712d21fc3bd88d7ad8c6e46ab7a556f1a882f9e5f5407be7baea0a0eab7d34209aa46a1f216e3ab760f4056aea6b6d77910f24b8ac2c9f8553ef05353e16a56d1bf42a0f6ab91794fd2da064c454109efa1e70fe4401cfe9579c47c6121816e624bbc954af8490339510151472663e8e5597ba69f8f9462a91345c5f0455a3b33a10ae5fd1b7060ae4d1470122a58b02ba487efb0bf1f66da8a6e5636443bab35248ba2e0eded419b718650e0acec5e010924d5dcfb453d96912658bdea9985e864afee332a1b61bb6cd4a68be65d6b2a2476fdf256ca18511998cca24b10d1b4d2283cd074d807b281bd24297c7c841101235012c20efc9f994d98ecd76d2cf8c27f9cf67c66a2b235355887338a574589938d52e9723fbf649245aff6b2f8a5e2ff4d6ba5db97b40013d8150b7730f539b8e46778d076af9abeecb1e6ab47c42078f58663a5732a863f7970b97a90c11f39a6d2439c06c1af3816084612998b1ac93554ca91c9824d67b8209adcc0d6a0accee713a0ecdfd21a16471b5ff6b81ff3e0bcffd6730e0a69e601ff8927c40f993567efa3e45a3fd7eaef48755a2be7aed0b7f23f37579fc71812640fafe88697d329d1df573b08ecd662cc0a1033a789e114f043999b1bfb1d5f2eb090afbaa0a9d44df36a10468b4e097a503591ffb4a626e8ba1f2f7beb3ea3a0f65900da0f4541f37f061681cf2b521e52b7255b3c6d499ba310461c85f980b3deefe6aaf1b2339a069d81be4f285d519406619449a1dfcb3007a764536316cdcc24a0c41a9b9ad6fbb47f,\x94ef824627d7a2234d5a80aaad76d96f624c1d6261d7e77207dd06a7f79e6659,\xe151c8f630b917c8d671c8c659984d3c4ecb4aab9634feac21939fe683feb775,0,\x68656c6c6f
16,2024-06-04T18:37:25.546Z,\x687542340ad1520aa1152397840b6a23e0fb5436fc61de2932e57fe7f17d679c,\x2084fb0a86d4eaee608e88993e167fc184283e43d1c3ac10cd96b9eae740429d264f1c319da620dc82613df6b5e0dd21b9356b01b68033d8613b7c091b99421abbae84c28053c2d5245333fc52f1e79a3d2e1bd3f87c9e7887dca936f14bd2d70608453aa5ce1c50bb2f5dddd291a901abe8afb86b2d2d3002e279e1929f0dffb53b66c832f662c69b479af27253abdaa0216e96bc9804dbf31bdbc7b2ac3fac97cfeb9469d903a3d01e6676ba94f1e9349016d28c4447a71383ed8f251d6fca89d893a0652af26a722535954ce75eef52f5b7fe50d6e3ab3775f42b89ccccea54065d64c8aeee7598b4cc2a9b3f96fbd4809e7daa097d9578331d6f7b9081a0243b7b01e44f1a2b31a036c6b50c046d4901a13f8fbd09bafafb16291a4322bc257e7a48d883c817aea8942648e38dfcb4ebef37eaa795e97ef1b6dc8c90ab172c0455b2b1074841068d8fd2dc3b499b0190121db151216768d0615eda81c223f97619d750074f2cbd612146bf7bb41169b05496322ed35e36b881e36d10f9d0c2cca2fea53fd298942fc6bcb2c800f46350fda48bedff0e42f4858bd84ed89dd6b9dc9f2d4698d509e120e138aebed13f2f72ffafcc489c21f8bf3462674db97803862360491992772e28f5d397ce311c89d311e34742516bf6c28efb5b1f9baf174ad5cf968fabc8eada962ac55a1b74aea5a719844d309edbb8fc068afa98024bfb7a301e306cbdf3a0c3324965c4b828d640254e2146cb4c850f10deecdd52806fad17c1442b8199bfad13074d56a1203d8e3d31d2e11c7b3a59a3bcad0da287b66cc2d8b1535e367f0a839cec1af489e745afbc920bc170a13ba7f744295caac154b54ec885aeb4ff8663245b8f3ef990c1ee3d55df883581fee510f021db38e8cfb2c6873ff1a4aa67e26d7e0473eb42713e721380a8eada264820ac1d43e9462189548b0ee7b6a899c44b8e1c1a47c5f60898ef272f57a3cf3e1252cfb3b4765ae0f6db88e8f98ea05647c30f5fa15a6da577433e24be6ec41faab4a79851a5bbbdc1c4817376cc9af744cff4608e4cbc20c0a398fcfef1e93b7234eb9a3a0b627057e784292ab59889490cd4f74c7b9513406ac245beafe08f4ec9dcca81bcc22ba9ce4961061467644db46c6229b1ea6223b9ea27890122ffff3dd38a9ea4ff847c32d55ffbb6e4b2878b091ec19a51253ef6fdccdcd96b976ba619a8dbf7a31a1b7a0b8f01b2da330ed80e1032e4691cf24a02ef73bdd0f880fe20fcbb4d2da3be5b2bc25179567245f6089b48b3ae0314f48c78d69f3ae17c11a7059049d0c9fc8a119463160cff939d67ac6ba2e46d8058fd7fcb829accba42510b7489cc6e4f74bb59c5002e1f82e512671270b5f04e32045ab2cbdc46c032a2ed0a42defbb84ccab15085ce29427a41e0a4b88c30b9b15c29d0a69e4f01d6928500731da5ab5dd1f396fad9d55d1f0bd72aab2a8233e47c6edd443466c893b8e1b660ce6a110a208688166b1b089fb84f9da111310ec4f13dd4bcfabbeca950ae19d78c7e43875cd930a836f72725baded0fda172e72eedbfc258dc090762cde37b14049c4f09a56465cf0e5a139aef212da28aaaab99a32bc28a4629c178c182e5b079bad43e2e11f2854d3440432dac76608c6c7759dfc80149dca269982a29d175b9fc65be7cecf56623b0c4167fc6a05ca82c43bc8b7ba9ea506df9fc725a6d1efd305b5941051a1bf2f44a8ceb06d463c81545edad2883d3c162714ca56b34725f0d4ae54a279c6156828b59afedf3bb93beac2fafd232cde367be8146988b85cd9a142e3e1982e304003f46f2916ab4b18247c43fd3e6abcdb02b337494e88f14636d2ac2124f3c8e4a8852cba171453cf44344f77911f9fcd6e18319b9acc962af8b433513c68ee512702c60456a5b26ae965bd7998f9917b1d2c5c4aab59544d85177136b95da5a6b219ecf07c7136c1a7dea65d423cfa585d9bc21845ac2befaae5f9615fa6000b4d13d6bed556939c187d761caf8957ba77b1534de292dd6d93a93fb99a72fe2e4f0d4f2cf216a4ec4cbfc94fec2a9918711feef1926e4626bafcb18b56d5627a1c5fb81bf325741b3a1b08e3009eb54775f416e112dc39f7500baeec646f4e33a1fc1724d28ff09ee96f9ec289c6993947035b6e0b135b13c2b00ee50b4f19430d8b35e0e8492e621691dd9a09de3f250de36a3eec368e0ce0d01937d7700354cd31c373d9e162ce217b4e5f6e2eb81a979e62506422ab49693a17d679342ab5bf7e0395c815b54fc7baa06a9039146c367427000eaa4e0017ef78eee0e4be59093982c262caa0967fb22a8961bbe0608950104b442549a8e9a02620093f0cc365e9b6f5c6f263f12eb8962906d5ab7ab16e9a127eaebbb633857fd38f7a83b26376965f7e416064461b93fbf27f74cccb858b22d5423df4d598575e7b0e3e1268b337680855baba1ac5e07f1f836133e5fc25fa927f3f3b9319fb7ab065ad952142899145ab29f1a321f802267987a13f92ef542c2ce0d601e288e10653f3566ecd2a11ee7b3bd82089873e36a1f7124189054554cfcbc49ff2d8822782085ce589303f643e96936b3936c6a84fb834cf504a284709f4ee9ef21c85e6e754470ebcba5973c458d4f3e0cc53478c7e083618d67b6b2b4ce0bf54d2123c4fc45c64c1e2a7812c506c19b1151b28394f3d82c2a86f4f82134b8b46b2d534a9ab7787ead09552f84f80ef591c5d874324127a789c80f29994390d60fd54a82ebc837e478772d781fe2cb879c09c8fa45ca9f1ac74f650c77bbe001a540c3762abf8c49ef8522fdf2625a01ffc4506c325c22b1f577c366566147d0b71bfabc69b3270fd8606439e81c19059b7b32460bbf25fe5074ce733fa06d3fbf7eb6b06e84c9bdcf46b5b30a02e0e62310233b0b04f4923d93d95152fb6eea35f271df0c03cfb931431b1a31bc437b67faf2c3bf36013d56d666ff96a87435ab022e07bda42870f5b6e327576e17ada9521b84ce367e39970c55741919cc021fd60ed4bfbf97e210be153d35eb98fdcd346805ac33f0764491fe7ac87fdb49075de3fa47fdd27ba28bad33068f1c5d7ae87a738420c2ebc7bce3c986eac401763e9097802f5c77bca1ff63609a9ea6c17c3291229bdf4d65421a0952ce59b1bb901d821d21d6088061c98271e9bc7743c8348b5a949fedfdf326fa68032a76b5f530b846960503de814389d03840686a8dcde616f6a3e11b9a2c6d75cb0006b3aca7f315fb0009ebf8cd0009fbb124355564fafd2fe1926efbcc849a237f89740830bdb9202d28c95647af34436d21b3448b8d7dad106e17ade3148f90d4ac49b7341e5706c0061cf13a68b9228c3099a4e4a68fc77ad66b7834c46b015f7680b506b5513adcaa3d42238d63f8d7d8a5c02600175b9cbdaa33611bbbfb8b21e213dfd733a4573c398e0826931bb8123aaffe05b8096a895afed40d05794c379ce6506eb0fe6f19be22cfa45bc3a884052a82cca294b5facdb7908f11777b9b62aacd4ab20e16d517e5bf29e8cf2d5e611d93d1bb755781e45aab707496e58939f1c162c5dc9e4afbacef1181e7c91711c980465842c3e0c48bb1b569f297bd676f7e296919d2220b859dc731f56c35a83111e5c56290692268a17b8261de90c6044d8a6e69849d49aa9be8202ddbbf4f4da49c1b40477011c931a52538f68d6750ee057e24fcc0ad75db548d05211c1be2a53ad241ef99d0a26d01c59fd5c4c0a746e842c0453061bae790b3b4d5f8551b2d24680d3a0e98ad72945c5b5374b91f85e7a2504c3e5074c50cf396e8b8968d98bc67106603b7f234b4373d2b0c3a296b2f6e050e4ae5b8374565b9572db1e30f52d4ee63a500ff426caa6e77ed569f10ba371ce3c831f0a2c2a1b94f1a0ed8d52f63ee374a19a61a33763cfdb95e478eaa7c655f5e238c5a8b1d16520dac9bb14e985a2933ae0c91e0146c35030b06c20c376238303cc6d9314b07e71605e4a9ecc6a12396c8825ad9474d4401dcd5a66828db110e43696b65a003e1bb5799619f765d217e33392771eb3cf0fe76741b843164d4fa5aef8faa8590c0efbb930852fafecf5fe61ae8e8c55cf8f06ec23fee38e7317b6abeb0a6e40dc2c6785a02b2c8ebd6c5a6528456f660a45b3a8fdf3dcc533057502b933841fc269e397e17fc47584c48646c9167e9b07338a4c786320b18bb036dfaf08dd28f283611ff1490c645094a7405069889ffb854467c96f0ac053559c558be63dc3ab9127817965da905e1e0918c101fae2bdea6498978fe024b8322e2c3227082d78c40e939240b315111044c6957994fe233a926f4633767bf6d8632e4c8d18b564e9c67be8f415d9f340a64545c361ea5640f70b8a12d203b375b462cb001500edc76fe6625058a4f9626c9e12cfa46ce49e23787e0ffb3b6b41f2d897bd2e323f5f4a6b4683673f20739377be0668e4b365c6433fce2a953619beb0241366e843ede3935fd6c37cb28352a73aac2f97dd2aadc2a76722a7b00be458207dc155da84a1df741e154c154fefebf3a3c66ad46c5d30291acb847e87b6d40a3c4d1c491fb3e61f6fcc6e370a527bc04477fa65ff0f2e897ee4b6d460312f078065f6e2256ee219944a7048229256db31ea09d94c50a186ad93f309fd44a211743829ec5e27d99553dea580b56405c09746ea826e6c12bf1b701a8ef98bbc286cab727b05a1ab41db667458fe1f47440575fcc0026fcd3ea4b056c502e0db3eb53e0df07c2f7bcf3eda22dd8c3b2ede25da70efaf2389c98b2de905af7041cf268a5d1bae74c0d032778296f673c109939439896a6bda7388fc6452366cec8d9fa7599a9cc2450d656bb9c98aceac586439ccbe9cddee42d095d4870a2a60df5e8950eb43f7a80457eb22fede913ac7cd3a3506ad073c8d5f52cb957f05c4c16ff923071d5300fae265c13bc504616c5ab4f4089d12d7a15205612f403d2f1bbc4b5e03ac175d92f827a3a04c02451c2edee4c1d634f53b6cf582183e230430bf4163dc63d04a8045faa2dbaa0b01dc17845cfbef13eaa00490879a15a5c7c0632001b751ec27a805ea9db881b5aa6ecea22d0e2af57b10e13c38d1e388877ba917b5dbdb9e32230b5540e63d846f7e7b7c0f44a6a69ef62a3793632050c07a0481acd5c9c68ebb554bb0396bab810315ba63f125d119c1a7c32476ab1bbf560a8e9fdbfb81469341cae1ad58afdd9a211c86b5e3f51f287cef21dd61a1dc2a37e8130a996826ade685c94733006e3b9c175389f6280f4115a8eef2001c4530b046c537b3371b53c3f99baf8603c9abc582cf606b8e920825ef6da76164c2b8d7e3ce649aff91f12d2b3b77467237d3d9188dc8db35c709917a95e4feef3f94e428d5bfe2a38fdf1a97172f6c89f23d355eb9fb0756999653b86a22ef80d4b767f07b67264b351a5e39f6d3db80d29c96040ee8f0899381f8f4fda775ae520caa9d943279d6df22a115e74bb3a26,\x655eb8fe487c15b213281cd91141143ecc21abb3fa8e3fc4a8bc7d913f3d6609,\x73c76568d72729fbdeddcdaec89cdcbd365f9138af4dc3a3949f063d4988f818,0,\x68656c6c6f
17,2024-06-04T18:37:25.549Z,\xce0be27228c7583cfb2c134330e2a2cabfa36a9c3d3458de5ce61cd8fbba3d4f,\x2047f73554990e4abef502c50b5c538b05754781e54895e267778e0b68fa1c5d134f1c75d1e74b324e42c03591413eaa1e75cc9479620b5f3861559b7730faa88c5029d3e1ea487dc2e6ecb44eb9f166be76ded801bba8bdb6e6f8f2b035d49d0ff0365f34660077089aec1b926ba8742bdbdd9e627329c5ed7003068b0a4cf1b2f46c073f8c9d1665debe34c682b61b6dc60ec2d89b52d62b047bdbc67f6d27f43f7d00a7c6d013e843f8c52d4454611e620e3acd3e7d89b4f5bf9fd1afa6be3adefbd7aa2956efea598148fa223f0616b3efdd9cf0340179ce90849220c4b8c05fd299e263edcbd6b66400fd8bcde3459817692d50841b773c5cd0bda45c83d9cc3df283a6946ab2cb1ab0b4e63cb88d407125b4b969744f32411ea94a3e5287dd6052a25cbc9f57af158b17a10be14d1731ae76012317d42494e083500dbe446c8054937bcbd07afc4473880a51db96646b9574e9e3b7c50f4165701b4ef533f13912319458f9e9355e0c6c89e7decbdb4e6ac2e3411e477bf7c96cc136eb9f7e45009c8a0493fc1ddba8537e6d22d0907a838e425d7b496a89e921501f1a6f0cad04a4d930ac48a21c4d91646f84fce1a874dd99809a7181b3b17ad6252db22a762d099a50afb7a636cf49d1e3c922bd734b9c10d0b7cb37f30c123b24e2e996c9c35989ed54094939d80344dc32be4263aa97f3c12a45fe44a7a6ff4bc0284524c0f14f118804cf896508ab8280f5fa4520f02362ea677763a32187438b028605f10276fde97c2d8f2c8dfafa05c2369542e634985f51ca3ada66f0c529b9b3398f629f2f924c47bc440b2011ea30533bc8ffb0b5e3a507db8d5119c9d30026de8b3c315571bfedbe8bfb5b94087e5439de66f9d0ece43da2694743a5d034ff2c38947a5c5b6d68cdb94cc840d51bebf6a98710bae9a0ccc3608382fcb2d0f74d85fc13979fd1375da640a09c81434ddd35ade4ab9e920140205cd08d1e2a1ee6bbb1db8f0462b5e807fbaf4b3d1559b60cc9e5ba169a78059af17b1b80e3fa8b5efcaaa0fda3c376b33730932bcffc2d955534714b09f4da37c265574a45e0573616edfa0f0000b2bc7336749662ceac0a33c91eec639ee8053a344017676ee74a9140d4c670c9d4e980fa277b8cbb4a3e5efc24421b521cbc7718613960aedc2805d6720bcb46908793584b760418787904d231914636e0873b70f55330bd5d1643f2470ac2fb2d5fda36ebe93a438f99d64018e1f4380b17084cf2d1eedc74dac906d860e1d41cc14c69e517db38e47ac97e309e2c058bf08ce6fde960b4e60d177774e20be68360a3863a6c703ed8cbda8e078744d18c40ee0cf360a7dc714e154ea87e897540ee525ab596e7cb0f58b478ae0bf71ac266b4b9f5dcfdbf817d9fad0619828e1d77c6bf69a51cacfed97e96b4e449f10d08d5c485e9f3bc22f52ebff4890a4ed731e8c1ecf86b2547afb6878dbcde49b1655c2d6502405861d44cfe63bbdc32d0db989070f5163b781a94f7b86bb01dca24cf54c9d974da41da9a71be61124b7e8e9ae61116bbca3cc73121dbfa093f53d8b74f054987c105d7dd0542a72da87e855c08a0f0b2de241b7a8147050b1071d557c57e53d09db2b27540345515b7a71d5608a3d6a464329572d0e92345e06bc43f38ed6dd783df4c606912469ef92a6f3ecd04469291ed9edcc04ee31fda5bfecca24f89bc75df59c0dedf326a5fa23b12e1f7d280b292288b7672f8ab71e46493807cee1c2495dd8ac8e17923733070788b21ca937b3e0ce8fb125669083e53e8e655218e3a6f0c171d4ec4962da9775a2db622ac36b3c4888b29c65a90a87e48209ba17ce72ac0739fa25176c1f3391065a399c2afd717146fef48528eba27ca8f73e855984ae1f47ac3fb877eb6aeba1c3ae21e4d8a9cb4d8402705b255b331672d58dbef852247c65acb4f484a942977550617e2dfb8e50cdb0c8da77b37381baf4ed57906e9d7eb898270d53ec83003329c4f18dda9171f7677442815c3eefb381812383753d566286a180b5273beedf843cd3ec83e731c25a2d3078594627c749517fb90bbd0d160f6b354d41f42ab81316e367d7a5114552409cd34e9237c0ef4acfb9568486c636499382067afb338a34e0a479e6095b603820c77e11ad0d34fd0f0c3871f840fe9003f5cdd9062308e839077b7599c3430eee1e16df54a699379a30d18bfa78ddc963220837714ee3551a8c61133aa8ca479da0595477948ed761c9913089f5597cc39b34a3a4e5e24dcefb74962b5da0457d8a97d3f43169a24d343bda41ea4ab956b760280172164040681420d4a8e3b288bb0bdd532a10d3fa81a8047ebe7d1a8044805818a7d2b304398d27c0c2b5b9d0c0775b0d04ebc46dadd8f9c53867b8f7c4974e92b2828083a6014ded6bffbb3ada89b855736f13386cb5f21dc119db0285404d935de7a8cd73169dbce033c01bdbc87d07632346666af87fa1f5bda3c2f407d7acda47b1579ce9ad15c3233a8ea70a0765616d97385cd7ac50007666ef2dd0fdb84a9967c65efd2e4db588d640e910bf0825aef80b4d97c8db2962be29cfd299b763eff8fefa48201d1e9b30998946e5806f82739baa26867fd97e6036c2c46bf577f8c833f3e400055e7f86117ad7f853cab9828b464a80f8680f21a6a0358d7094a7fa15d77d50780d430a754df3b158d720f5b54edc7b6d1a279d492d45bb42f09e71f8351d12f30348b551e6c7ac54d60814751c7caa4f7e514c0473af3391fc4d96136e64fca7ca141e94e648ad1e9b44958f0e6620bdeaddd8258abfa21643747b07a1c98ef3a77fad862336ae16592a58177c577028a1ca4197d3d3cf56fcc86fc42ffe122f9b8a2eedb2f0f238d8c4b1955874a1125edae02e0c244a358af385e5961ad0095221227eb4437acb0704089c1a6fac4fbbc70ac90c473653e48c576be67c33010dd824d10bec048a1ecce623bdfeb0c2a3aac5b9c485fe25c8d8d702cbb23dc404bc383406c54000b8fdb8799c3e96ebe97b799a3208691200d0949e9065463313e4bf3239aed3e57e7bec5fca9dde7152e66eceba132be365e1b86558e365096e9ef0f0221439bfab2bf0755f329c688f500c6864ba774fed8cc23710682e42afe9a21cfecd3a68d3becd9534070fb454d2724b26310075fc45a4248d69c1d963b7485803c8bc65afbfad3b925d6f5e098daed7dba7f5c13869f2c93f0e0f6644bb7f2e9bd8ae2319426739c99a0bbe26e73ab4c4d2cb2a6004deded87a9f2d6bf57be463e528a6b3a2e68ef449c512a0538055c1407b3c2077482bf746b0a83a9bf6394354035160e10fb38e45f167312504e634beb5ab5c31e3673d812dd07156dc5cc6bf818be4963516c05713fb5d743f027ab58ff9e9320c077435904a658e41626214109b9cda28946ccaa8c4f1c2ce2a45fa4fef583cadec869d25bdbc20eaa0e3a02ff5c92643912424d934809e25f770b6a6fb3a861dd36eb8870e59ecb72aa15738f796855818dccee7fa170f01cb5f99f88a7c8c8ff7c5f914391287a9aef0b8d8fca4aa4ddbfd93edba706af1c87d163c68299c029a82ae0a331106a86124355286b86135da905e593bf754abdbc2998c9deb0023c111783cd24195fd2a570a63cff09297d0f47d3c9bfa013e629d9a84465e99ec9093b3c21c9a0f9593e8d25ee2c77e0e280cee060e1c2f39e5b880b28f8f3023fede73c62cccade2f86561c3810965a54fdf77dc62e2a94d323785a6aa822852bd3c0c1e28b984a3d06dc512220f6c8bb1e4c43989dc9b6492311c301c37ad1903fdf25e0ee808d10149a546bf05fd39f935a2a4634aaef42218031e3d208e7cb9b17d33fdfbcecf510a8f14f8e75f7822cb4d9575d7f3ef838d3d882ccff89c610f50933469a0083057a69fabca4a32bce3b92417831cf359e23e80e1beb46fd19d010620e986305ae5ebe9ccfcd1fed6ae9c12f3af5154d9f4f71589bb46336d5c9d661b17454cb72c92579f2faaccacb4625885a7ad7ca481086c7f4190a7f5564d915946bc0aea11528ab6173edc5dc0607451cb3f93ee7a8afcddc47db956226461b6dde2366351a4f659d259983a88b01cb6bc709976f82c964f6e6d557d4d113e84bfa17792cc65f2b76cad7b99d33fc89519247187ddd42db89a4fc222f0e021932de997e51030db1b64573f1c61b910325d53191df1f83384f947a2e87ac5ed8a379032f54070213c07a0aeae965c28173cde4a865a8c377fa3048dde535279d864ea7cc09e412c952aced6d9c46e1e79eb6b43980c548b8c15877b56d058a61a2a9181c9239c122176a860489a1176d67efb93479300c6f7b01820a9e9afbd2e30ee97566807a769106ae81eaf610da30c55b749f80a50a16b2b969e2b63a6aa548b580908d6b224b01449a55650a50ddf4cf78032e9c90ee3046e48ebbcf9fc84ac13da707e828a536f485d2b9bac2e9c2a5e834bde5d68c5efbf96dff76b2549cf07ef47de3871c84dd76f13898cb46691bd0febe754063bd2a53d3ed7a3418eff56d8337fff37feeb7f59e0b74cee7645211eb949ca388c41dfd2e8c0be02b4b5e3d7f7ee18569c36277481f5461a9e9359eea94b3c69534d4248c5df1c827022daaa319e15e0d2805179c76efaa73632e7fee401cebb32c3f9e7dd9ccb30c6aefee882d0562da254c0f9f2b95ddb92b659f5054a2ca0e5c23218489c4b2f38958acddf3c350516ab02177e99bf779d75fa3cebd2d92a68003caaf379a89b4282143160a366e78b0fd5f7bfcc86a220af79b92b9bff7f6d1325a6f2177fadf35a16e4a02247977c485d0861dcd5d7395f4eb3aaac2e21a400867e29be5a6d7874fb0049411f5e9d9f601a5f5194c77321daf028c8f5ab3386b1339a27d97ce4684e635b0c1031832545c887d25abfac90562ec0df3e915cab8526d7a56c76ca9cb5c01c9468f7d79abde0577dcd9f80d08baf9e6ee3b05568114d15caa385ebce2d657e6ba90c3987cb4e6c6f2868a937ee14832fd66c11f812d0ee7f6731535047da71c7c108ffe3f892d45c359e6ebaf1349852552679df5115c1a3ff090d57a9a39f3dcc13ea0ef56fa5b1a0486ee38e1bfb0aba17b803626c3eab23da2599d9b3bac05e1e6a7cfa974a60a7618854f4bc6d47370c9e9aa230e41d36426087636c0a31ba065637f2c0fb9d703ddc8f8b36c7d3a13f3a32653dca8ecc9a5833918e3697a0c9ad49ce931d1567f781bfd85500c32db168def098390decae456ded65c4da45ff887d989fa5dd00ba1561613e17e641331cb781278bf0af16d26482c9a782b5928ba4e04e34e2d615e96a680544f9c3f65f3670b764f419c78900f24f1d2524620ad8ab4e1a4c073ac89c12c73271f155de39cb07c6510bfd09602baa88ec12e0f617fa2192e8580006766a9d019962a5409d4749c30b5b788fd0521d7721d4b1f7879e10a9a2dbabf57787995d7691f1bff157676fe494de14d4a993c7b577cd7f3,\x233d19df8b53ce47a57688274d220ddcb33d5b1a7ca8ecbf7fe85ac7c238d35e,\x3da6f4ba3604454a435ac6fa9c817da9bb3bc0a7106bad981e7607c522442098,0,\x68656c6c6f
18,2024-06-04T18:37:25.551Z,\x8b22d355cce9fa9854d5ed5248066732ffa4d372b8f06db6fa3f9fa372ea6049,\x20e90484557111c2e98dba1589def665ce4e42b05d5ebe26a6bcbb1fd27832d91e4f1c9ff8f7479cf94790cea66b07e4083d081370728bef048a52412ca041a314f4cd794d2c28dc1c9e9ed265c9c4709fc2658276a7e3ce8e86684ced3a411d86db1d9d602bcd282e39520beeedf3206a1bf21afb9c6ebf57f7f65d592005cc4bab6b03a832bdac187a7f8b5a5a29401815bfa8f945f6ea5433cf481e970502d103d40212aba08ce80e90faec0ede1f599074cc8d9c89244bf63951658bb21f325f13c0580c0a311d5a1f99804ace35ee67df5cadf004a47480ef8d94a1bde8f8e495e142abf2d026f882669ff9e9201d0459040a4fa961157694b6d76812d7cb02cd49e0d68d938300194fa2eb11e9d929bdf20c118af070c62448aa0d83b611a48d6971b49bcda2b3042cc975b21f35a79b34c102d2fec434e829d5f143faae628c75b4f510d4f4c031a6b32c481efb86de587493927391265f4f5e204409ea69822390c7986a3ecea179ac68fed366de8a1083e5f027298185772b849eec1f28d6a9b19b08d1e159efd7a3cd54e096aec2688d36ea4e64ba3f136731fbb51b7b79adaa4fcbdd62140db35839bb1ab4f5dabfc9e42dd57a3074c899778a2ba0a0c1346e0653e586a8eb9a2baeb861ac76f508c3c8319ad01eaf862694b66652173c2a437e77480259923b608a0524614638cc0babc23b8b9e6923a27b3324b982fe8e94fd8ff1d8e6f73faf08310a1fd90125f15c2709a3b1ba4364ff9b8e992f444b011758b1d361a3ecb948cf5bf5e9edb6a9381e84767e87df6de0e7ecddad8fdd87a52dd5dea915f469ecdee5194019f42c39a9c36ce6ffafe6b1835b23feef5077c1b034e7b4c01e810852989ef6e6a287b8515cd0a45c9a3fcbb5cbc096bd8ecf1d31dd6244d05068f5fc9c7256904f37c211ab4b3ff899646a7725bf11441f5d702ca237725050de52c8304003e1100372e2eff47bb9a5a0427f5a5e2c87cae24f6a26874a0e5a5de9d3f7298bfda387fdf1e1bf3e4bc19a7d3f88109f4abf85f2bfcfb512d2e79f8ec4ba0e6e7621cf6a57d06c7861968565f982b644bccbbc79c69a860b5f3399c2397747c689651fc3b0b6db37aae52d0abe7eb151cc577a5746010b08028958bfc23a56e4b2dbbed829e4c84fb89756cc64f0d21e522eea4a7dd9af2a302d081f7f279581c70b06119eca1451152ce70bcfe1db5da49a4e17f87f0771e073b8be180b2896b70e4affde8b6f04bda417f14e43737b9109cb4b05aef86ad3bdc2eaa6ef1d12e948f8f5107a4e76617a814538222877180d04a03d9ba3a85f1bf7c3348e683a7a49928cd0da86fb4d71c0f18095ad67aa95daa1a5cc41cbfb8927f032cc79f02e5ef6b49348299ccf4fe20bd62bcc4d584e33307055cf33604dfa1acee252823f4496b5cfcaf16ed3828a3e8bf62efbb8626593b5e08bfd45398dcad6f82ab9c13d93403b0d10aff1c9288b8bad82d64e0f1f5cceb36f8c6fcccb45ab53a64f538f08334deff826ea142b65b7e809ed204135cb5c670a89e2cfffa5cd165b79ed06ff770c6610b7c37dcb63791a888978e9a696cf2a79151d397438012bc90171d7d2711d71008250b26039dc111d3e264b366d666284b9e43b1555f905b35ff37eaf96f5f175216544cad04fc70f9fb32dd963bbea3c874beacbee8159103999b28f64f834fb833140575f35991bb8cb9d88ad7e236e3cf14db6e72522aebdd870ae144cacada770e89d36e83499fe9e49cb3bfb4e261bc257cbe23d58b77b93a20e356f59b23418165fd7f09f9a4fbe6d9eedf416d164e0aa2c762ae4595867c5bfcab324bdca989311e9de5729d9b4e5c9600599b7dad80d6937f10a71e8c0ce368d46067e306c5fd137395789e77344780d0f0d563289bfd9d1eb1442b0800b47c7493b19d6d7d2ed34c1b48ff0adfe7dca8b5db5fd8f13095e395910da397a53cbf8e2a542796223dcb89cefe09541d64f1a62881501748bcc45c200964f3004a335c4567f2e3e927fb764e293e9606b86d6e4ea26e5fdafc01a2a6f446fc6181f314352480ebab3119c2dadf7e624f909b480038817cbf50b9477c57f987d1c59fb85a0ad5fe1c8f5c12ef70b2d9ec3533b80df31499583dd715b6ad34e5197b53bd2005ef4e4bf32c4cf60991e4907bfc832050e58338cf6298ec4d073a132c2b4ac4e2d13b3b0389dde547910a9075923a134bb5b7555652da9c59abae479c56f6e2b55fdc844851fbb7091cbc1c9a0ebee73060d2e2727e2e4636bce08bf052e9364229975dda7966dc4538e92cf21014a0570c179c77877275cbbabc585bb62b0dce70e7ab03adf130022a79fffb2ca997b6325ad2d38348e98ec09bced10ee50151f3c32e931102f4a9d2aea9b917e5c2a6eb776ff7623d0d04d0a6b5a5a4edcbaccb046e16f054871f2f8a1811348783949ce7f1e7e59b253749076c70d21650abb6698aae1bec459eeaedb3d3bcd94567b47b95419a8b99759c2af60a154fe30ad4dba844e0bdb86d134dd85e52284b0830088134b26b9e2a0a83be024d9a80ff4eb967f9a2fe2073eb8b3ea6fbf876ccc086c3319001102c0b4a5b4ceb7c477fe1940ed139aa0e2d1d5fe73d364592c3cf4e4d80dff8c8998b7df85952eec87cd4abe1c7f0359eb9827370906fcb937d1c5a27a23c9bb21ae67e30b8848dbc200b2f13716fb732552fd56f4aab0e6a566481aee2f0376d84876d2fa5becbea94926fd5d6d2d8aa25f715fa237eeb0c22b94bdcaa2865c7a360a21f33667c8526e5244dfa44b6793e270b8d9209dc868ae1cd9e8797a7980dd81219f38b4965bfc40d681d8715dfac1d9e5481d7508b3194c216caa48c3269d75a3e083d6d2d16e67b922c0e9074dd20d46e3cc4535fbff7c04d67cb6061572699f7996354bdf362ed1106884012458cf9adbfd22a052dcad680a8fbe96e06d57126c397232d9fafdeb5bb0fa514e71c1454920d50412441531b766e8821cc0a906475a04b4d36833c3bc92334eec65121700c656f773bc647dc6af44cf565f346473b0a2f1b80cd5d4406cb1b403c4bcce5ca6b9506afe395ee154e81166e48b48cc98d31c75ef624cfd225051220f0d5a0ded2139683fee523bd937cd192404b20ca0c1679644e5bb974a5a3d5b6649c6828d1dd3541329ac85c32d0ab22c74ae457651d14f7fef7e9f93b5eaa3049a0214b58e25b7c41ec2461b32c7ca8d823fd5fc394efc68315820c6e9993489726a5688c2a4639a96de1212b05063b42f433ca43efb519e9ef80a3cba73acadd1a37fc8fbba1019b90228ffdc1d967ccdcc5ce579c877f222fee717fb7a9c9e184ceb420a1e7c8ddb2d3710769627016e544a219e0f0095dc1c75cc3792edc5748507ab41a4ccfcd61708b1272ece89cb787a42b9a303a9460ab39d0a1d7311d4706885df5062a5540f41a3a9a19d438728e29bc5e0eb7aba1214449fa461bf3b3624800a2a48f12452bdfdf68bc73f3a5ac277f7ce753181747b330a2d7f6e7cb5c0991e306d1843572a92fd3ad59be2287b67d23007d7f29b51185011fa4a9f7ba743afb295a9d63a0af2836ab1b0a2bb03d698498c7f72f8fb976869bdb6d1c30be6d6389d45b772f3b37859ff29aba213c9c757feef35fa31212ad91f9150f7f8933bd76b4c5205be7d01fcbaeb5e14d7cce64ba591999c124729cf3ef38a36ff20a23665ae4fbf9b433aa8a1f4826c3efd92575167a037730335cbdecd79f110a4470150343b6cd5465143c85fedf459ba9cb950bc7af7bf7d0cbd7a30ce0b3a5385fff843642351704c3bf5cce43a8a287ca4358dd4079c114ebd5a92dc67f0c75808a895177475ebcc974b1279b36f5ec9a59d05eb4be15028a3b21f8cb2df16ac809281ec72475b75d32310afe8389b41faca9d2860ac979bae8f0a9d45b72c5032daed30873470c13e51b26b4f24d0767c4e63dbd9f83185ed631e7a95b1e811761d04731c4e4549c3b61d3c0e54b78d817d487586fe8124d6319a956f6131d6b30365d690b9d6ed1cd667316dabd194ee36bf0671fd0e9e44c3c9fb5cbfb07c18e9add2ba4c3bdf870a262a696eb450058268bc3ffb2753fc183bcbdd4da69283adb7d5390835f76b72a1b06aadbf27554bcc725c611d377503f38dcf4e07a0d2834065782e83a27148b1feb477ae1359dce7216528ae73387b17fa376721974d2eb6e45ab6c74e13882e2e16e2ae7ddaa8d98edef7ba979eb616b7d77958d40534deb81d70bdc5c3737b4c7aa46612eef4fbfb855a33dde5a280fdda2c46bc15560d0e15dc6439a9e6aba98aeabc6b5eab76b1dbe54e97868b44b3b2b246571168d590aba5566ee7b7f3349dd2b7eaf0036eb7159295795e82b4e5b624f39797609738b2a463b93f30217e46695b49992d11f84905526564fbaf6328a09e026415becbfb0b9fb17cf292098709992ea44fcb6021971d89084399db6b69985570c6845927c226d03160b83b316eb74c494ec54ee05e9554330522ae8128c9a7454d432ecde19ef96034bf8f3f59b8a65ffde5eaf33edaa78e58c6f6804320895aef354a2dc93a9c5ddb515e04b084458e2c005e327942e868ae423d99c20565121e8b2acdfed8ab6421bfc629ee2e385ba3d3af5ea9d3da23c9c62e7c141b2d09985ded6f39afa49702291b8a34858fdfb9f9ea9ede3183616de7517cbbea92d493f7a32aa87d4e466932dfd139abe215f5afa0c8330c31b06591183b8027384be1c3ce8451e203b96b17266b6fda83c6f0e9b0f85352ac84082d5974c3c56998681404864d21263df5e7dbe9d14e6be0dfa2f493c7271ec1a50d6a426524cf3e166303a8a6827949ebe3fdb72a1a51792ca67586625357458b5dcc17b347a466d574371319afd387bf90cc7e943daa98ed15206a352701cbfb7ffdc41d4d8ed4993c61d46bd601787eda186b5cee673b42f6c423a2dd04196174fffc1e18b3c139a504b45e7ac51004893a841371935d15c7ce001e52e1ce9e16b8ee492c453632cedacae81ba1fdc10bd416cda6eb2b8f85f70ddd5762ec730a953e68c567c5eb80e0f19305bd389af29bc942993c03b57739e7ad0a7012555ac85f8abc93555fbe1fef21bb804f9a924b9362236d6052716421ef1409630200abe77f2f95c375029f89bdae7679bcf4df313510afcea4958fa05f5dd344e4ad37753013c6ac53b4f02cc79d1da39a6aa70119e050df4773fdefc3684ffad832a2e7c1f0bc4602db532d0a436b98c29471b8e5361f1b0db88aca973f4b8242b763901936b72ee21baf31e6a91b83d36ed44d390aa6e10ef084aa02db767571848efa8cabb6ce4dd5cdb94d15c98f435e79f646436707499f694e7c89baaec87b276f00da115c64cecd64837e2d750d65ee2c6865f03cf9780b8b5a1bc92178339b67a82feca91be85be1cd69f90f1ca2a0ce90933d1009545ec843bb690f072a808a1badc51e3a8d69243bcfbed5e69cbb4137bec7b21d4d6ff742cb3a,\xcb018c3fc11d6aa199d0b5d291579df8be99f79b814b71874ca1d73c5baacc36,\xcd7b69cfe201918e59cb317be3c3e73cd0dd7c7f534dd4efbf7e8b77a3bc1f5a,0,\x68656c6c6f
19,2024-06-04T18:37:25.887Z,\xce0be27228c7583cfb2c134330e2a2cabfa36a9c3d3458de5ce61cd8fbba3d4f,\x206a186295385e1107fa16dda474abc2cb01bb2d3016a110b66b4bc3465135d3764f1c0691cd456d83effebc0c9d49131512144f3ecc36cf31b548af5481a1387e7da5fe46f9859008b7438da312104bc93ab686943f71fa074709dcb9f007be1fd2136988a6ca7e84636a4793605eefbd0f7c49367bfaad69bce7c94d2757edb2914d45ee1b52bf42fd64b0fc2c884cca35d39db52472762b743fa9e32c58b1ebcde3c7c113c1e5f72833678428f32bf3b426f9702df024cdd1b8194444e1a2f9f43051fde92b5a24fb03051f7d579b4b887f6199f98ae8815a964765dbaa4dcdf7726513be652ca5c1501c0cfef90600211717602fdd42736f66fc5879cf9ec8f0515648f7404cf237c932bf5a39c453916b34d04c32ad9488875bfb72f845faf48eb7f1d180ec586ce885c8520dfff0ca2dce95fe3607b320a51d64291bde750ad75bac6e0b1ffb92a54bf8403e8d1f58267ef657165ba38f827121007868d3a7e621b145b8a7b9a5edfe68eb6f4dabde24067037d73e2de7b8e38894151c9df8355f45b27f410cee12358b2ac17a574cb779b0c5bdf97fa095c4443655fe551036ed0d542080d9301865574d7168c5de60db7db7bbed4ebfc6c1411d2e35449a0adc6c79333a7df8a1ac17d7c54bbeb6fcb130e5c5f6e58768f76674cd475adee4f41e032a3bc186dbd3d72d18760844441514840842d1a567392702d13a66f935bccb7a3b49ea1031d7f9f1bda175b717230386d53b0e3abc9180f099113e1a8b359da209c26c4525ed4feae82ed670d029d57d50c8a37bb0d9deadc13f5a62bd965343b9dce452c8ef837f308c316d85a9d6aa40bc53bcdf8b6b62213ed542ebeb77e6cfc52f16de2498e19a7bf6f14fb88873636fabf2878fca810dc7411fe7245dc6e6825fe7188f0e6652bad01cd0bf4e0c466a483a25b949f924e50dbd5abbdddd901ade2feaf7c921db69e2c725a66a76465c9b4a28dc4b7b331b1ff3fd61af99aef8e46e1d55d7ff208356559bc4c7b4725a45359cf23659278050932c45819218b2328c886848ae6718f04172987243fd0fe881e659e2d529fe62b6c148990d80039b980a01e767ea1490cbd14956e8c4a7df15e6c42322163f4a7660e8e0d538a25b82d0456954ac06e054d8c6ad92370b01e7a3c6f412d9dacf0f7e4197edea80961197ede639a046d67fb364bc3bac6d93b4ec78d13295556942451626e46020897e3d012956ecd5f257f7fbc773aad7e3a307b608c6c88835b39a5ac9016043f5e525b721d427093d2a0e1599be93e0b14c66583ff86e2addc59bb93324553f92b775c86f3035143ab6704a231f0b4c943316f0cf0f2795e19614fa4cd3976c47bfe336cecfb328881368d1095a7a6d16d13940050ba86f89f497c5ca12f79a052a85ac0d5879c5a6299aa50f87a88633a5f23b8a10f113089c5784318e64b22f7f7d0810176556d0a14db55645cc2460d65e5a74c50ddc99d386889fa770ace75c0a13deabfd3f3e1e8c188c884c823b3676672e5d0aa555d31ce226ac69394ac0900771fb95602fd10b8ce7f9e09c8b916a961b638f42676698967ee032e8634231912cb6042cc2091103bcda476cf8120fd454c3574ff16a0a433015102c4228211e3ae08b89e00d608a65d6e321f75a70932b3a09f906d8a0fbcaf744371c3a3b4962ec7b408fdebc0e9cb2ddcb3a625dec9b9c11894a93f2d4c0cc6b7e8e5ee58f14f4e9ffea52530561f3ad3d4e34d0c18c74a8f8aa0ca117a1ef1de033e6ba0791d66f79aa0d88e09c907f0913921474c7fe56d2fb57c8d8e4a4fc6664ade827100d4b73771e959fa7ee24a37e119927dd20e8e45dbe7bcac239b6f07a770915ce346d22d321f1e264d3f4ad897763cd485156894527d5838ffa7f4df4b5192da6df490376f9e02d2a4ab17fc97c45880faa9f74061b373d4839f081ed5efab5f90e1febbc7e7323ebf1cf10a1233d52ceec0caa2592d23b14009383f359fda03cbd32878445f6ace3911caf81950f08c5ea65b48686e3d48c475626491b7938e845c5c46e6dcf97ea7215dcbba63ab0b4283a72af0b993c761f7eac3920e7526ff83f196d21a207ebdd1e00a1e1f465387686239eba2193cc457604846de5592e53a1f2bf6dc7b608fff2657962516e5a34c1bec3a637074c29b6ff10b9c6917cdcba69eb31da5123c0bdeb16fa0f65c072ba27fa2f19cd8b67e2c53e634cdc8612b531c2abf573ca6e101d995c815db279a408f8cd1a1a1581b7d4c317ed87d7b04fa1bafd1de69f115e5e118c6607bc422a25038b8b841f71c5e613b1f1f9dc7e446b6ec29851d65e04a4db047e32348d91c130851865a95dac27c905939aebe0a8ef349b6afb75e646dcd5d9de8627fec2de91edd5b2a09f259a2a5079b088eeb2dd9fceb4daa256b0f486a19b956ac425e62426f5e3c483bb8e33362843f91636169c4d3050b5fa02a10b28bacc8b93a17c81031b1e62af32393d1162ec1015bde291c175a15fb6f42665a3141a4ac5ccb150aa9dad2f1536e377d1f8dbf0e29da5766cb7e96fb31bbf4dfc47e4efd1ff2318d6554e47980b1c1b09aecdf7be6b8a0bf8309cddc783afb7de78b3883479a8fd6863b0da3acd2c79bffa0d5ea69e10bd507f9431e0fef9a8972401cf78610e80999eb445bbea6df3fc4961c51ca803626fa32e0bbc3103a99705ea57cc82fcc25b96f6466bfab1304451115bb3cbbde5bc92485ca0a8ded1a94d19cdb2bec161d24a57e960084027af6b3c5b25511328e9a6148cb02c95f067f212d2b3e1c975160fa3d8b0bfd807bd2873426729a8f020a714b6e3911c2fa184a6b5354c2f9508a80dc37db98504292ad8491b238c00610570a63f5d554a0b4168a97d66e3b5c6ee7365faf6103de4629b036c637f20378683270d89cf988e1c1156a84eed415fcac1ef3d513e9136fedacf37d88c532e6fcb522ff3e46244cadc722832899b7478df2282a7b4c69d38fd295e2e4b5668e6679de156f387c90c115c018218ecf4ec835b9091cf4fa4037d36c64ce1724aafcd14607c39927d8b32019b2e34a40a1c44b40792223ed942e7793234bd11614af8b6502ba132495c473156120338223e80dfb3fe6015ea370c94add6db87a07cc7e8bac24e89713c4f69cd4e07ecd46c1a808a50a68ea9a4d1a26c3b853fb12d8524a4d24ce5a2aa94d51063cdbc0049f55ba51e542b0dfa35acc65aafe4107e4b41a4492980ff57767342525d64808ef15f67c64740d41abe60801afb37d71606dff4fe7427123408d8eca618a693bce9c04bdb5f4391db40afd8a344fc716971083c95ef16bd5bc4cf79ba3e2bd12a6380f1d126938955c46d5cd3fd80eb59a10a1f07bd890c702c87d388f7b29a8d0ebae4fbe3eaf75b5c20d98ccf4e12fb076c625559ae2a21bca180adf73d9fbaa06e3b1ce2a08fe946a4378326ab75ba71d8752d1936323ba20a40f8038dd05f0e1e3f657d8f7f0dcd7ecb6cf1bffcdc837d60904605dc4d80d98dbdf01bd3072b1bdde37df016626037dca9b0f62e5902d0f6edd2e5a967cd187ca864f63104990839113a977eccb3c1e4d56a8515c08b344e677e48affa1add928c9425d5f9c7775d4559dff5994a9310a75267b9d6f1861dee3672f08c42b7e60f1a9c530e3a2adff5b42231fc0f21e0b3017b89845bc5c2692c777dd14e969c928f5df263e797f2491fe86a215b6dfb4d456b55c8bce20ee7ebf5e03a21c28c00b7ab025281a3ea8cf8918e1db22815781d5df0bdb43f2758fabb65b95813d13e28d7eac7ebfdaac4fca5a066432b1432f75bcc659c99054eabd7f25509f716b386414d8822eec6ed758c9b857a3123d56db05f8c427bdf63cd87785e286701e080f40dd2466c5de4804175520737f5ecab44769c6cd7d97c73eda6e4a1572c798544a26419b2a644125257b479132a84bcf7140b71c4c89dd8f4529081e9c6d253e830124a9d146a2882fb38d75965b03ae2267075bf59728df44a0b0c0871282d6d23aad903a39c7114c49de03b1431d693d8a8a7088ac7c7b665e6311d4b2d46e2c02469fa9b982a091f49dd07857441f43dc57ccfed73b91483482aef616e71854be751099e51dceac2d4977d702d06416319304706b0d229e85e665e5f403cddfbf650aca3f9704ec10749a9c0e31c2e3db8e4ab14a4dc6a7c727ec5bab5c10af3f7ed24ce75f20342ac22ffcd8c29dfb9f42d3f140c8409cd467a936da83788519826e7ab16814e002701946de912d3b7cdf07c750aadb4b053fb5f9c43f47fa535478be0cac65ef7f29624d6d32062f8fb0f7c8b8cd04115b1ee6e3719cf38d9abb22aa0e4d35fe05ceb33f745b0e57d6c0ffe2c61bac5f2c2ffdd716819228ef285b8cef0f7f1ff785eda854193f79d8845ecb175fb1ac8d3f8f90c37a2d40e3a01501e76692f22d839ed5ef8ecd0ea5e2a3cff72c50dffe90990b6d4e98fa3b092217de0a1d5ae9497759f1ff5bad5e2744168465c29cc37f93ee4d7e906ba6e8afd3aaf6352f89ed599516db30354cc074ff10f1b4033dfafc32342d0039dea73ffbf3555079fd1cd876e0eb9e2e24128d9278f9cf0917322b70a7a1817d1ec5a280b941d4513d1171b2e0a7ec882cbee8429436719f6d66def00a392e02b716a62a1ca9510687ab960c6e9d8d9ddf838ac9a7331a39bb405b1d46715709a43891b61199b42ef432b168e30623381ac38c531b2c361d6f3c507fcca834dda71186d03ceb8d3ccbb5a64958f321fe2fe60081c96e0c169447055849609758f52d33a9627696d1791d9a7a77e3f538f25683e0c7894be20b422cc4784605997df7527ffbeb87d73126b3332b4485fb4da24bbf36d5a63ed77945b41c544934da265a8f00161860a2d621d003ac64215338915646ca6b5bd3ea74d3dad9e7b5a2018e6bc3272559506d338b2a4d74598145d02399eef8214e30dcfeac8fd8e66bd52e0659159b7ce6475157c64815f2007d859a20167ad56dce537679ec08feedf1143fc90507256b10db5e775f75972afa262280732654086e836185fce630e727906d883dbfedbce9a7701f60a9ec22f3760941b9ebc41b796691c8946d39195d0c86c06d49582bbefedae16c60b27e7cf04489c5247cf9435b00c0d752fc3cec6b8f67982c1ccb3e6036a0fcb1e7e1c922a41e9a74d545804368d3a79c575e6d920c310a7a5dcf48a90effc0d050c7d43ffde07e5c10447977c9193c4ea4234e95f94dc9188f0b7c56ab54a158d372ca54eb406d37f75be97c2cccff565d35f76bb236dfe155f4a0653cf522e9fd3874204eba79ab53c1c0271a9b56d2e8529ed974eb1903db878aee568085db5d67fd03bd25af4f2957c1466bfc7edd97e3c51004d3bce0c1fd1c216e48c3fe7ee0cab17dc6eca66979baa4631a9d333e4a7950c4051ca0114574d034bd564f9b5114f5e14cf228c7a01e1177250a22ca20f2f5d3a459755ed8ef8bb21fea1b34cc0215af1b5e2ac00a7f9f0894b,\x233d19df8b53ce47a57688274d220ddcb33d5b1a7ca8ecbf7fe85ac7c238d35e,\xf05ab680302a8b6654cc21eac99bbe5c46c12b81e3e87629f6456f9718c3f0d4,0,\x68656c6c6f
